No.,Pos.,Nat.,Name,Totals,Totals,Scottish Premiership,Scottish Premiership,Scottish Cup,Scottish Cup,League Cup,League Cup
No.,Pos.,Nat.,Name,Apps,Goals,Apps,Goals,Apps,Goals,Apps,Goals
Goalkeepers,Goalkeepers,Goalkeepers,Goalkeepers,Goalkeepers,Goalkeepers,Goalkeepers,Goalkeepers,Goalkeepers,Goalkeepers,Goalkeepers,Goalkeepers
Defenders,Defenders,Defenders,Defenders,Defenders,Defenders,Defenders,Defenders,Defenders,Defenders,Defenders,Defenders
Midfielders,Midfielders,Midfielders,Midfielders,Midfielders,Midfielders,Midfielders,Midfielders,Midfielders,Midfielders,Midfielders,Midfielders
Forwards,Forwards,Forwards,Forwards,Forwards,Forwards,Forwards,Forwards,Forwards,Forwards,Forwards,Forwards
"Players transferred or loaned out during the season{{Efs player|no= 9|name=[[Umar Sadiq]]|pos=FW|nat=Nigeria|0+1|0|0|0|1+1|0|0+1|0}}||1||0{{Efs player|no=10|name=[[Ovie Ejaria]]|pos=MF|nat=ENG|11+3|1|0|0|3|0|9+2|1}}||3||0{{Efs player|no=11|name=[[Josh Windass]]|pos=MF|nat=ENG|1|0|0|0|0|0|2+2|0}}||2||0{{Efs player|no=18|name=[[Jordan Rossiter]]|pos=MF|nat=ENG|2+2|0|0|0|0+1|0|0|0}}||1||0{{Efs player|no=22|name=[[Greg Docherty]]|pos=MF|nat=SCO|0|0|0|0|0|0|0|0}}||0||0{{Efs player|no=25|name=[[Jak Alnwick]]|pos=GK|nat=ENG|0|0|0|0|0|0|0|0}}||0||0{{Efs player|no=26|name=[[Lee Hodson]]|pos=DF|nat=NIR|0|0|0|0|0|0|0|0}}||0||0{{Efs player|no=28|name=[[Robby McCrorie]]|pos=GK|nat=SCO|0|0|0|0|0|0|0|0}}||0||0{{Efs player|no=29|name=[[Zak Rudden]]|pos=FW|nat=SCO|0|0|0|0|0|0|0|0}}||0||0{{Efs player|no=30|name=[[Kyle Bradley (footballer)|Kyle Bradley]]|pos=DF|nat=SCO|0|0|0|0|0|0|0|0}}||0||0{{Efs player|no=33|name=[[Jamie Barjonas]]|pos=MF|nat=SCO|0|0|0|0|0|0|0|0}}||0||0{{Efs player|no=45|name=[[Serge Atakayi]]|pos=FW|nat=FIN|0+1|0|0|0|0|0|0|0}}||0||0{{Efs player|no=49|name=[[Jordan Houston (footballer)|Jordan Houston]]|pos=DF|nat=SCO|0|0|0+1|0|0|0|0|0}}||0||0{{Efs player|no=−|name=[[Myles Beerman]]|pos=DF|nat=MLT|0|0|0|0|0|0|0|0}}||0||0{{Efs player|no=−|name=[[Jason Holt]]|pos=MF|nat=SCO|0|0|0|0|0|0|0|0}}||0||0{{Efs player|no=−|name=[[Carlos Peña (Mexican footballer)|Carlos Peña]]|pos=MF|nat=MEX|0|0|0|0|0|0|0|0}}||0||0{{Efs player|no=−|name=[[Joe Dodoo]]|pos=FW|nat=GHA|0|0|0|0|0|0|0|0}}||0||0{{Efs player|no=−|name=[[Ryan Hardie]]|pos=FW|nat=SCO|0|0|0|0|0|0|0|0}}||0||0{{Efs player|no=−|name=[[Eduardo Herrera (footballer, born 1988)|Eduardo Herrera]]|pos=FW|nat=MEX|0|0|0|0|0|0|0|0}}||0||0{{fb si footer |u=19 May 2019|c=SCO |ss=2018 |s=|date=June 2018}}Appearances (starts and substitute appearances) and goals include those in Scottish Premiership, League Cup, Scottish Cup, and the UEFA Europa LeagueAs of 19 July 2018{{col-begin}}{{col-3}}{{col-end}}{{col-end}}As of 19 July 2018{{col-begin}}{{col-3}}NameRoleManager {{flagicon|ENG}} Steven GerrardAssistant Manager{{flagicon|SCO}} Gary McAllisterFirst Team Coach{{flagicon|ENG}} Michael Beale Technical Coach{{flagicon|ENG}} Tom CulshawGoalkeeping Coach{{flagicon|SCO}} Colin Stewart Head of Scouting{{flagicon|ENG}} Andy ScouldingClub Scouts{{flagicon|SCO}} John Brown
{{flagicon|SCO}} Billy McLaren
{{flagicon|ENG}} David SwanickScouting Coordinator{{flagicon|ENG}} Rob ClarksonDoctor{{flagicon|ENG}} Dr Mark WallerHead of Performance{{flagicon|ENG}} Jordan MilsomHead of Preparation{{flagicon|SCO}} Craig FlanniganHead of Strength and Conditioning{{flagicon|GRE}} Paraskevas PolychronopoulosPhysiotherapist{{flagicon|ENG}} Steve WalkerMasseur{{flagicon|SCO}} David LaveryKit Executive{{flagicon|SCO}} Jimmy BellNameRoleHonorary Life President{{flagicon|SCO}} John GreigDirector of Football{{flagicon|WAL}} Mark AllenHead of Academy{{flagicon|SCO}} Craig MulhollandClub Ambassadors{{flagicon|SCO}} Richard Gough
{{flagicon|ENG}} Mark Hateley
{{flagicon|SCO}} Derek JohnstoneSupporters Liaison Officer{{flagicon|SCO}} Greg Marshall{{col-end}}As of 21 August 2018{{col-begin}}{{col-3}}NameRoleChairman{{flagicon|SCO}} Dave KingDeputy Chairman{{flagicon|SCO}} Douglas ParkCompany Secretary{{flagicon|SCO}} James BlairNon-Executive Director{{flagicon|SCO}} John BennettNon-Executive Director{{flagicon|SCO}} Alastair JohnstonNon-Executive Director{{flagicon|SCO}} Graeme ParkNon-Executive Director{{flagicon|SCO}} Barry ScottNon-Executive Director{{flagicon|DEN}} Julian Wolhardt{{col-end}}As of 19 July 2018{{col-begin}}{{col-3}}NameRoleManaging Director{{flagicon|SCO}} Stewart RobertsonCompany Secretary{{flagicon|SCO}} James BlairDirector of Finance and Administration{{flagicon|SCO}} Andrew Dickson{{col-end}}{{fb overview2|c=4|c1=[[2018–19 UEFA Europa League|Europa League]] |fm1=12 July 2018 |lm1= 13 December 2018 |sr1=[[2018–19 UEFA Europa League#First qualifying round|1st Round]] |fp1=[[2018–19_UEFA_Europa_League_group_stage#Group_G|Group Stage]]|w1=5 |d1=7 |l1=2 |f1=17 |a1=11|c2=[[2018–19 Scottish Premiership|Premiership]] |fm2=5 August 2018 |lm2=19 May 2019 |sr2=Matchday 1 |fp2=2nd|w2=23 |d2=9 |l2=6 |f2=82 |a2=27|c3=[[2018–19 Scottish League Cup|League Cup]] |fm3=19 August 2018 |lm3=28 October 2018 |sr3=[[2018–19_Scottish_League_Cup#Second_round|2nd Round]] |fp3=[[2018–19_Scottish_League_Cup#Semi-finals|Semi-Final]]|w3=2 |d3=0 |l3=1 |f3=7 |a3=2|c4=[[2018–19 Scottish Cup|Scottish Cup]] |fm4= 31 January 2019 |lm4= 12 March 2019 |sr4=[[2018–19_Scottish_Cup#Fourth_round|4th Round]] |fp4=[[2018–19_Scottish_Cup#Quarter-finals|Quarter-Final]]|w4=2 |d4=2 |l4=1 |f4=9 |a4=4}}{{2018–19 Scottish Premiership table|showteam=RAN}}Last updated 19 May 2019NameFromToPWDLWin%{{refn|group=note|name=percentage|Win% is the percentage of matches won [[Rounding|rounded]] to two [[decimal]] places.}}{{sortname|Steven|Gerrard}}{{dts|format=dmy|2018|06|01}}Present{{WDL|60|32|18|10}}{{col-begin}}{{col-2}}DatePlayerFromFee14 May 2018 {{flagicon|CAN}} Scott Arfield {{flagicon|ENG}} Burnley{{ntsh|0.0}}Free16 May 2018 {{flagicon|SCO}} Allan McGregor {{flagicon|ENG}} Hull City{{ntsh|0.0}}Free18 May 2018 {{flagicon|SCO}} Jamie Murphy {{flagicon|ENG}} Brighton & Hove Albion{{ntsh|0.0}}Undisclosed12 June 2018 {{flagicon|CRO}} Nikola Katić {{flagicon|CRO}} NK Slaven Belupo{{ntsh|0.0}}Undisclosed13 June 2018 {{flagicon|ENG}} Connor Goldson {{flagicon|ENG}} Brighton & Hove Albion{{ntsh|0.0}}Undisclosed21 June 2018 {{flagicon|ENG}} Jon Flanagan {{flagicon|ENG}} Liverpool{{ntsh|0.0}}Free7 August 2018 {{flagicon|CRO}} Borna Barišić {{flagicon|CRO}} NK Osijek{{ntsh|0.0}}£2,200,00022 August 2018 {{flagicon|NIR}} Kyle Lafferty {{flagicon|SCO}} Heart of Midlothian{{ntsh|0.0}}Undisclosed31 August 2018 {{flagicon|ALB}} Eros Grezda {{flagicon|CRO}} NK Osijek{{ntsh|0.0}}Undisclosed3 September 2018 {{flagicon|NIR}} Gareth McAuley {{flagicon|ENG}} West Bromwich Albion{{ntsh|0.0}}Free25 January 2019 {{flagicon|ENG}} Andy Firth {{flagicon|ENG}} Barrow{{ntsh|0.0}}Undisclosed30 January 2019 {{flagicon|USA}} Matt Polster {{flagicon|USA}} Chicago Fire{{ntsh|0.0}}Free31 January 2019 {{flagicon|Finland}} Glen Kamara {{flagicon|SCO}} Dundee{{ntsh|0.0}}Undisclosed{{col-2}}DatePlayerToFee1 June 2018 {{flagicon|SCO}} Kenny Miller {{flagicon|SCO}} Livingston{{ntsh|0.0}}Free1 June 2018 {{flagicon|SCO}} David Bates {{flagicon|GER}} Hamburg{{ntsh|0.0}}Development Fee1 June 2018 {{flagicon|NIR}} Jordan Thompson {{flagicon|ENG}} Blackpool{{ntsh|0.0}}Free8 June 2018 {{flagicon|SCO}} Liam Kelly {{flagicon|SCO}} Livingston{{ntsh|0.0}}Undisclosed16 June 2018 {{flagicon|SCO}} Michael O'Halloran {{flagicon|AUS}} Melbourne City{{ntsh|0.0}}Undisclosed11 July 2018 {{flagicon|POR}} Bruno Alves {{flagicon|ITA}} Parma{{ntsh|0.0}}Free18 July 2018 {{flagicon|ENG}} Harry Forrester {{flagicon|IRN}} Tractor Sazi{{ntsh|0.0}}Free30 July 2018 {{flagicon|POR}} Fábio Cardoso {{flagicon|POR}} Santa Clara{{ntsh|0.0}}Free9 August 2018 {{flagicon|WAL}} Declan John {{flagicon|WAL}} Swansea City{{ntsh|0.0}}Undisclosed9 August 2018 {{flagicon|ENG}} Josh Windass {{flagicon|ENG}} Wigan Athletic{{ntsh|0.0}}£2,500,0005 February 2019 {{flagicon|MEX}} Carlos Peña {{flagicon|POL}} GKS Tychy{{ntsh|0.0}}Free{{col-end}}{{col-begin}}{{col-2}}Start dateEnd datePlayerFromFee7 June 201815 December 2018 {{flagicon|ENG}} Ovie Ejaria {{flagicon|ENG}} Liverpool{{ntsh|0.0}}Loan10 July 201815 December 2018 {{flagicon|NGA}} Umar Sadiq {{flagicon|ITA}} Roma{{ntsh|0.0}}Loan10 July 201830 June 2019 {{flagicon|MLI}} Lassana Coulibaly {{flagicon|FRA}} Angers SCO{{ntsh|0.0}}Loan22 July 201830 June 2019 {{flagicon|ENG}} Ryan Kent {{flagicon|ENG}} Liverpool{{ntsh|0.0}}Loan31 August 201830 June 2019 {{flagicon|ENG}} Joe Worrall {{flagicon|ENG}} Nottingham Forest{{ntsh|0.0}}Loan6 January 201930 June 2020 {{flagicon|ENG}} Jermain Defoe {{flagicon|ENG}} Bournemouth{{ntsh|0.0}}Loan6 January 201930 June 2019 {{flagicon|NIR}} Steven Davis {{flagicon|ENG}} Southampton{{ntsh|0.0}}Loan{{col-2}}Start dateEnd datePlayerToFee7 June 201831 December 2018 {{flagicon|MEX}} Carlos Peña {{flagicon|MEX}} Club Necaxa{{ntsh|0.0}}Loan13 June 201831 May 2019 {{flagicon|GHA}} Joe Dodoo {{flagicon|ENG}} Blackpool{{ntsh|0.0}}Loan18 June 201831 May 2019 {{flagicon|SCO}} Jason Holt {{flagicon|ENG}} Fleetwood Town{{ntsh|0.0}}Loan25 June 20186 January 2019 (Extended to 31 May 2019) {{flagicon|SCO}} Ryan Hardie {{flagicon|SCO}} Livingston{{ntsh|0.0}}Loan16 July 201831 December 2018 {{flagicon|MEX}} Eduardo Herrera {{flagicon|MEX}} Santos Laguna{{ntsh|0.0}}Loan1 August 20186 January 2019 {{flagicon|SCO}} Kieran Wright {{flagicon|SCO}} Raith Rovers{{ntsh|0.0}}Loan3 August 20187 January 2019 {{flagicon|SCO}} Aidan Wilson {{flagicon|SCO}} Forfar Athletic{{ntsh|0.0}}Loan8 August 201831 May 2019 {{flagicon|SCO}} Greg Docherty {{flagicon|ENG}} Shrewsbury Town{{ntsh|0.0}}Loan15 August 20181 January 2019 {{flagicon|SCO}} Jamie Barjonas {{flagicon|ENG}} Bury{{ntsh|0.0}}Loan20 August 201831 May 2019 {{flagicon|NIR}} Lee Hodson {{flagicon|SCO}} St Mirren{{ntsh|0.0}}Loan21 August 20188 January 2019 {{flagicon|MLT}} Myles Beerman {{flagicon|MLT}} Birkirkara{{ntsh|0.0}}Loan24 August 201831 May 2019 {{flagicon|SCO}} Liam Burt {{flagicon|SCO}} Alloa Athletic{{ntsh|0.0}}Loan30 August 20186 January 2019 (Extended to 31 May 2019) {{flagicon|ENG}} Jak Alnwick {{flagicon|ENG}} Scunthorpe United{{ntsh|0.0}}Loan31 August 20186 January 2019 (Extended to 31 May 2019) {{flagicon|SCO}} Zak Rudden {{flagicon|SCO}} Falkirk{{ntsh|0.0}}Loan15 September 20186 January 2019 (Extended to 31 May 2019) {{flagicon|SCO}} Kyle Bradley {{flagicon|SCO}} Annan Athletic{{ntsh|0.0}}Loan8 January 201931 May 2019 {{flagicon|MEX}} Eduardo Herrera {{flagicon|MEX}} Club Necaxa{{ntsh|0.0}}Loan23 January 201931 May 2019 {{flagicon|MLT}} Myles Beerman {{flagicon|MLT}} Gżira United{{ntsh|0.0}}Loan25 January 201931 May 2019 {{flagicon|SCO}} Robby McCrorie {{flagicon|SCO}} Greenock Morton{{ntsh|0.0}}Loan25 January 201931 May 2019 {{flagicon|SCO}} Andrew Dallas {{flagicon|SCO}} Greenock Morton{{ntsh|0.0}}Loan29 January 201931 May 2019 {{flagicon|SCO}} Jamie Barjonas {{flagicon|SCO}} Raith Rovers{{ntsh|0.0}}Loan31 January 201931 May 2019 {{flagicon|ENG}} Jordan Rossiter {{flagicon|ENG}} Bury{{ntsh|0.0}}Loan21 February 201931 May 2019 {{flagicon|SCO}} Jordan Houston {{flagicon|SCO}} Airdrieonians{{ntsh|0.0}}Loan4 April 20191 June 2019 {{flagicon|FIN}} Serge Atakayi {{flagicon|FIN}} SJK{{ntsh|0.0}}Loan{{col-end}}
List of Rangers F.C. seasons{{Reflist|group=""nb""}}{{reflist|group=note}}{{Reflist|30em}}{{Rangers F.C. seasons}}{{Rangers F.C.}}{{2018–19 in Scottish football}}{{DEFAULTSORT:2018-19 Rangers F.C. season}}Category:Rangers F.C. seasonsRangersRangers","Players transferred or loaned out during the season{{Efs player|no= 9|name=[[Umar Sadiq]]|pos=FW|nat=Nigeria|0+1|0|0|0|1+1|0|0+1|0}}||1||0{{Efs player|no=10|name=[[Ovie Ejaria]]|pos=MF|nat=ENG|11+3|1|0|0|3|0|9+2|1}}||3||0{{Efs player|no=11|name=[[Josh Windass]]|pos=MF|nat=ENG|1|0|0|0|0|0|2+2|0}}||2||0{{Efs player|no=18|name=[[Jordan Rossiter]]|pos=MF|nat=ENG|2+2|0|0|0|0+1|0|0|0}}||1||0{{Efs player|no=22|name=[[Greg Docherty]]|pos=MF|nat=SCO|0|0|0|0|0|0|0|0}}||0||0{{Efs player|no=25|name=[[Jak Alnwick]]|pos=GK|nat=ENG|0|0|0|0|0|0|0|0}}||0||0{{Efs player|no=26|name=[[Lee Hodson]]|pos=DF|nat=NIR|0|0|0|0|0|0|0|0}}||0||0{{Efs player|no=28|name=[[Robby McCrorie]]|pos=GK|nat=SCO|0|0|0|0|0|0|0|0}}||0||0{{Efs player|no=29|name=[[Zak Rudden]]|pos=FW|nat=SCO|0|0|0|0|0|0|0|0}}||0||0{{Efs player|no=30|name=[[Kyle Bradley (footballer)|Kyle Bradley]]|pos=DF|nat=SCO|0|0|0|0|0|0|0|0}}||0||0{{Efs player|no=33|name=[[Jamie Barjonas]]|pos=MF|nat=SCO|0|0|0|0|0|0|0|0}}||0||0{{Efs player|no=45|name=[[Serge Atakayi]]|pos=FW|nat=FIN|0+1|0|0|0|0|0|0|0}}||0||0{{Efs player|no=49|name=[[Jordan Houston (footballer)|Jordan Houston]]|pos=DF|nat=SCO|0|0|0+1|0|0|0|0|0}}||0||0{{Efs player|no=−|name=[[Myles Beerman]]|pos=DF|nat=MLT|0|0|0|0|0|0|0|0}}||0||0{{Efs player|no=−|name=[[Jason Holt]]|pos=MF|nat=SCO|0|0|0|0|0|0|0|0}}||0||0{{Efs player|no=−|name=[[Carlos Peña (Mexican footballer)|Carlos Peña]]|pos=MF|nat=MEX|0|0|0|0|0|0|0|0}}||0||0{{Efs player|no=−|name=[[Joe Dodoo]]|pos=FW|nat=GHA|0|0|0|0|0|0|0|0}}||0||0{{Efs player|no=−|name=[[Ryan Hardie]]|pos=FW|nat=SCO|0|0|0|0|0|0|0|0}}||0||0{{Efs player|no=−|name=[[Eduardo Herrera (footballer, born 1988)|Eduardo Herrera]]|pos=FW|nat=MEX|0|0|0|0|0|0|0|0}}||0||0{{fb si footer |u=19 May 2019|c=SCO |ss=2018 |s=|date=June 2018}}Appearances (starts and substitute appearances) and goals include those in Scottish Premiership, League Cup, Scottish Cup, and the UEFA Europa LeagueAs of 19 July 2018{{col-begin}}{{col-3}}{{col-end}}{{col-end}}As of 19 July 2018{{col-begin}}{{col-3}}NameRoleManager {{flagicon|ENG}} Steven GerrardAssistant Manager{{flagicon|SCO}} Gary McAllisterFirst Team Coach{{flagicon|ENG}} Michael Beale Technical Coach{{flagicon|ENG}} Tom CulshawGoalkeeping Coach{{flagicon|SCO}} Colin Stewart Head of Scouting{{flagicon|ENG}} Andy ScouldingClub Scouts{{flagicon|SCO}} John Brown
{{flagicon|SCO}} Billy McLaren
{{flagicon|ENG}} David SwanickScouting Coordinator{{flagicon|ENG}} Rob ClarksonDoctor{{flagicon|ENG}} Dr Mark WallerHead of Performance{{flagicon|ENG}} Jordan MilsomHead of Preparation{{flagicon|SCO}} Craig FlanniganHead of Strength and Conditioning{{flagicon|GRE}} Paraskevas PolychronopoulosPhysiotherapist{{flagicon|ENG}} Steve WalkerMasseur{{flagicon|SCO}} David LaveryKit Executive{{flagicon|SCO}} Jimmy BellNameRoleHonorary Life President{{flagicon|SCO}} John GreigDirector of Football{{flagicon|WAL}} Mark AllenHead of Academy{{flagicon|SCO}} Craig MulhollandClub Ambassadors{{flagicon|SCO}} Richard Gough
{{flagicon|ENG}} Mark Hateley
{{flagicon|SCO}} Derek JohnstoneSupporters Liaison Officer{{flagicon|SCO}} Greg Marshall{{col-end}}As of 21 August 2018{{col-begin}}{{col-3}}NameRoleChairman{{flagicon|SCO}} Dave KingDeputy Chairman{{flagicon|SCO}} Douglas ParkCompany Secretary{{flagicon|SCO}} James BlairNon-Executive Director{{flagicon|SCO}} John BennettNon-Executive Director{{flagicon|SCO}} Alastair JohnstonNon-Executive Director{{flagicon|SCO}} Graeme ParkNon-Executive Director{{flagicon|SCO}} Barry ScottNon-Executive Director{{flagicon|DEN}} Julian Wolhardt{{col-end}}As of 19 July 2018{{col-begin}}{{col-3}}NameRoleManaging Director{{flagicon|SCO}} Stewart RobertsonCompany Secretary{{flagicon|SCO}} James BlairDirector of Finance and Administration{{flagicon|SCO}} Andrew Dickson{{col-end}}{{fb overview2|c=4|c1=[[2018–19 UEFA Europa League|Europa League]] |fm1=12 July 2018 |lm1= 13 December 2018 |sr1=[[2018–19 UEFA Europa League#First qualifying round|1st Round]] |fp1=[[2018–19_UEFA_Europa_League_group_stage#Group_G|Group Stage]]|w1=5 |d1=7 |l1=2 |f1=17 |a1=11|c2=[[2018–19 Scottish Premiership|Premiership]] |fm2=5 August 2018 |lm2=19 May 2019 |sr2=Matchday 1 |fp2=2nd|w2=23 |d2=9 |l2=6 |f2=82 |a2=27|c3=[[2018–19 Scottish League Cup|League Cup]] |fm3=19 August 2018 |lm3=28 October 2018 |sr3=[[2018–19_Scottish_League_Cup#Second_round|2nd Round]] |fp3=[[2018–19_Scottish_League_Cup#Semi-finals|Semi-Final]]|w3=2 |d3=0 |l3=1 |f3=7 |a3=2|c4=[[2018–19 Scottish Cup|Scottish Cup]] |fm4= 31 January 2019 |lm4= 12 March 2019 |sr4=[[2018–19_Scottish_Cup#Fourth_round|4th Round]] |fp4=[[2018–19_Scottish_Cup#Quarter-finals|Quarter-Final]]|w4=2 |d4=2 |l4=1 |f4=9 |a4=4}}{{2018–19 Scottish Premiership table|showteam=RAN}}Last updated 19 May 2019NameFromToPWDLWin%{{refn|group=note|name=percentage|Win% is the percentage of matches won [[Rounding|rounded]] to two [[decimal]] places.}}{{sortname|Steven|Gerrard}}{{dts|format=dmy|2018|06|01}}Present{{WDL|60|32|18|10}}{{col-begin}}{{col-2}}DatePlayerFromFee14 May 2018 {{flagicon|CAN}} Scott Arfield {{flagicon|ENG}} Burnley{{ntsh|0.0}}Free16 May 2018 {{flagicon|SCO}} Allan McGregor {{flagicon|ENG}} Hull City{{ntsh|0.0}}Free18 May 2018 {{flagicon|SCO}} Jamie Murphy {{flagicon|ENG}} Brighton & Hove Albion{{ntsh|0.0}}Undisclosed12 June 2018 {{flagicon|CRO}} Nikola Katić {{flagicon|CRO}} NK Slaven Belupo{{ntsh|0.0}}Undisclosed13 June 2018 {{flagicon|ENG}} Connor Goldson {{flagicon|ENG}} Brighton & Hove Albion{{ntsh|0.0}}Undisclosed21 June 2018 {{flagicon|ENG}} Jon Flanagan {{flagicon|ENG}} Liverpool{{ntsh|0.0}}Free7 August 2018 {{flagicon|CRO}} Borna Barišić {{flagicon|CRO}} NK Osijek{{ntsh|0.0}}£2,200,00022 August 2018 {{flagicon|NIR}} Kyle Lafferty {{flagicon|SCO}} Heart of Midlothian{{ntsh|0.0}}Undisclosed31 August 2018 {{flagicon|ALB}} Eros Grezda {{flagicon|CRO}} NK Osijek{{ntsh|0.0}}Undisclosed3 September 2018 {{flagicon|NIR}} Gareth McAuley {{flagicon|ENG}} West Bromwich Albion{{ntsh|0.0}}Free25 January 2019 {{flagicon|ENG}} Andy Firth {{flagicon|ENG}} Barrow{{ntsh|0.0}}Undisclosed30 January 2019 {{flagicon|USA}} Matt Polster {{flagicon|USA}} Chicago Fire{{ntsh|0.0}}Free31 January 2019 {{flagicon|Finland}} Glen Kamara {{flagicon|SCO}} Dundee{{ntsh|0.0}}Undisclosed{{col-2}}DatePlayerToFee1 June 2018 {{flagicon|SCO}} Kenny Miller {{flagicon|SCO}} Livingston{{ntsh|0.0}}Free1 June 2018 {{flagicon|SCO}} David Bates {{flagicon|GER}} Hamburg{{ntsh|0.0}}Development Fee1 June 2018 {{flagicon|NIR}} Jordan Thompson {{flagicon|ENG}} Blackpool{{ntsh|0.0}}Free8 June 2018 {{flagicon|SCO}} Liam Kelly {{flagicon|SCO}} Livingston{{ntsh|0.0}}Undisclosed16 June 2018 {{flagicon|SCO}} Michael O'Halloran {{flagicon|AUS}} Melbourne City{{ntsh|0.0}}Undisclosed11 July 2018 {{flagicon|POR}} Bruno Alves {{flagicon|ITA}} Parma{{ntsh|0.0}}Free18 July 2018 {{flagicon|ENG}} Harry Forrester {{flagicon|IRN}} Tractor Sazi{{ntsh|0.0}}Free30 July 2018 {{flagicon|POR}} Fábio Cardoso {{flagicon|POR}} Santa Clara{{ntsh|0.0}}Free9 August 2018 {{flagicon|WAL}} Declan John {{flagicon|WAL}} Swansea City{{ntsh|0.0}}Undisclosed9 August 2018 {{flagicon|ENG}} Josh Windass {{flagicon|ENG}} Wigan Athletic{{ntsh|0.0}}£2,500,0005 February 2019 {{flagicon|MEX}} Carlos Peña {{flagicon|POL}} GKS Tychy{{ntsh|0.0}}Free{{col-end}}{{col-begin}}{{col-2}}Start dateEnd datePlayerFromFee7 June 201815 December 2018 {{flagicon|ENG}} Ovie Ejaria {{flagicon|ENG}} Liverpool{{ntsh|0.0}}Loan10 July 201815 December 2018 {{flagicon|NGA}} Umar Sadiq {{flagicon|ITA}} Roma{{ntsh|0.0}}Loan10 July 201830 June 2019 {{flagicon|MLI}} Lassana Coulibaly {{flagicon|FRA}} Angers SCO{{ntsh|0.0}}Loan22 July 201830 June 2019 {{flagicon|ENG}} Ryan Kent {{flagicon|ENG}} Liverpool{{ntsh|0.0}}Loan31 August 201830 June 2019 {{flagicon|ENG}} Joe Worrall {{flagicon|ENG}} Nottingham Forest{{ntsh|0.0}}Loan6 January 201930 June 2020 {{flagicon|ENG}} Jermain Defoe {{flagicon|ENG}} Bournemouth{{ntsh|0.0}}Loan6 January 201930 June 2019 {{flagicon|NIR}} Steven Davis {{flagicon|ENG}} Southampton{{ntsh|0.0}}Loan{{col-2}}Start dateEnd datePlayerToFee7 June 201831 December 2018 {{flagicon|MEX}} Carlos Peña {{flagicon|MEX}} Club Necaxa{{ntsh|0.0}}Loan13 June 201831 May 2019 {{flagicon|GHA}} Joe Dodoo {{flagicon|ENG}} Blackpool{{ntsh|0.0}}Loan18 June 201831 May 2019 {{flagicon|SCO}} Jason Holt {{flagicon|ENG}} Fleetwood Town{{ntsh|0.0}}Loan25 June 20186 January 2019 (Extended to 31 May 2019) {{flagicon|SCO}} Ryan Hardie {{flagicon|SCO}} Livingston{{ntsh|0.0}}Loan16 July 201831 December 2018 {{flagicon|MEX}} Eduardo Herrera {{flagicon|MEX}} Santos Laguna{{ntsh|0.0}}Loan1 August 20186 January 2019 {{flagicon|SCO}} Kieran Wright {{flagicon|SCO}} Raith Rovers{{ntsh|0.0}}Loan3 August 20187 January 2019 {{flagicon|SCO}} Aidan Wilson {{flagicon|SCO}} Forfar Athletic{{ntsh|0.0}}Loan8 August 201831 May 2019 {{flagicon|SCO}} Greg Docherty {{flagicon|ENG}} Shrewsbury Town{{ntsh|0.0}}Loan15 August 20181 January 2019 {{flagicon|SCO}} Jamie Barjonas {{flagicon|ENG}} Bury{{ntsh|0.0}}Loan20 August 201831 May 2019 {{flagicon|NIR}} Lee Hodson {{flagicon|SCO}} St Mirren{{ntsh|0.0}}Loan21 August 20188 January 2019 {{flagicon|MLT}} Myles Beerman {{flagicon|MLT}} Birkirkara{{ntsh|0.0}}Loan24 August 201831 May 2019 {{flagicon|SCO}} Liam Burt {{flagicon|SCO}} Alloa Athletic{{ntsh|0.0}}Loan30 August 20186 January 2019 (Extended to 31 May 2019) {{flagicon|ENG}} Jak Alnwick {{flagicon|ENG}} Scunthorpe United{{ntsh|0.0}}Loan31 August 20186 January 2019 (Extended to 31 May 2019) {{flagicon|SCO}} Zak Rudden {{flagicon|SCO}} Falkirk{{ntsh|0.0}}Loan15 September 20186 January 2019 (Extended to 31 May 2019) {{flagicon|SCO}} Kyle Bradley {{flagicon|SCO}} Annan Athletic{{ntsh|0.0}}Loan8 January 201931 May 2019 {{flagicon|MEX}} Eduardo Herrera {{flagicon|MEX}} Club Necaxa{{ntsh|0.0}}Loan23 January 201931 May 2019 {{flagicon|MLT}} Myles Beerman {{flagicon|MLT}} Gżira United{{ntsh|0.0}}Loan25 January 201931 May 2019 {{flagicon|SCO}} Robby McCrorie {{flagicon|SCO}} Greenock Morton{{ntsh|0.0}}Loan25 January 201931 May 2019 {{flagicon|SCO}} Andrew Dallas {{flagicon|SCO}} Greenock Morton{{ntsh|0.0}}Loan29 January 201931 May 2019 {{flagicon|SCO}} Jamie Barjonas {{flagicon|SCO}} Raith Rovers{{ntsh|0.0}}Loan31 January 201931 May 2019 {{flagicon|ENG}} Jordan Rossiter {{flagicon|ENG}} Bury{{ntsh|0.0}}Loan21 February 201931 May 2019 {{flagicon|SCO}} Jordan Houston {{flagicon|SCO}} Airdrieonians{{ntsh|0.0}}Loan4 April 20191 June 2019 {{flagicon|FIN}} Serge Atakayi {{flagicon|FIN}} SJK{{ntsh|0.0}}Loan{{col-end}}
List of Rangers F.C. seasons{{Reflist|group=""nb""}}{{reflist|group=note}}{{Reflist|30em}}{{Rangers F.C. seasons}}{{Rangers F.C.}}{{2018–19 in Scottish football}}{{DEFAULTSORT:2018-19 Rangers F.C. season}}Category:Rangers F.C. seasonsRangersRangers","Players transferred or loaned out during the season{{Efs player|no= 9|name=[[Umar Sadiq]]|pos=FW|nat=Nigeria|0+1|0|0|0|1+1|0|0+1|0}}||1||0{{Efs player|no=10|name=[[Ovie Ejaria]]|pos=MF|nat=ENG|11+3|1|0|0|3|0|9+2|1}}||3||0{{Efs player|no=11|name=[[Josh Windass]]|pos=MF|nat=ENG|1|0|0|0|0|0|2+2|0}}||2||0{{Efs player|no=18|name=[[Jordan Rossiter]]|pos=MF|nat=ENG|2+2|0|0|0|0+1|0|0|0}}||1||0{{Efs player|no=22|name=[[Greg Docherty]]|pos=MF|nat=SCO|0|0|0|0|0|0|0|0}}||0||0{{Efs player|no=25|name=[[Jak Alnwick]]|pos=GK|nat=ENG|0|0|0|0|0|0|0|0}}||0||0{{Efs player|no=26|name=[[Lee Hodson]]|pos=DF|nat=NIR|0|0|0|0|0|0|0|0}}||0||0{{Efs player|no=28|name=[[Robby McCrorie]]|pos=GK|nat=SCO|0|0|0|0|0|0|0|0}}||0||0{{Efs player|no=29|name=[[Zak Rudden]]|pos=FW|nat=SCO|0|0|0|0|0|0|0|0}}||0||0{{Efs player|no=30|name=[[Kyle Bradley (footballer)|Kyle Bradley]]|pos=DF|nat=SCO|0|0|0|0|0|0|0|0}}||0||0{{Efs player|no=33|name=[[Jamie Barjonas]]|pos=MF|nat=SCO|0|0|0|0|0|0|0|0}}||0||0{{Efs player|no=45|name=[[Serge Atakayi]]|pos=FW|nat=FIN|0+1|0|0|0|0|0|0|0}}||0||0{{Efs player|no=49|name=[[Jordan Houston (footballer)|Jordan Houston]]|pos=DF|nat=SCO|0|0|0+1|0|0|0|0|0}}||0||0{{Efs player|no=−|name=[[Myles Beerman]]|pos=DF|nat=MLT|0|0|0|0|0|0|0|0}}||0||0{{Efs player|no=−|name=[[Jason Holt]]|pos=MF|nat=SCO|0|0|0|0|0|0|0|0}}||0||0{{Efs player|no=−|name=[[Carlos Peña (Mexican footballer)|Carlos Peña]]|pos=MF|nat=MEX|0|0|0|0|0|0|0|0}}||0||0{{Efs player|no=−|name=[[Joe Dodoo]]|pos=FW|nat=GHA|0|0|0|0|0|0|0|0}}||0||0{{Efs player|no=−|name=[[Ryan Hardie]]|pos=FW|nat=SCO|0|0|0|0|0|0|0|0}}||0||0{{Efs player|no=−|name=[[Eduardo Herrera (footballer, born 1988)|Eduardo Herrera]]|pos=FW|nat=MEX|0|0|0|0|0|0|0|0}}||0||0{{fb si footer |u=19 May 2019|c=SCO |ss=2018 |s=|date=June 2018}}Appearances (starts and substitute appearances) and goals include those in Scottish Premiership, League Cup, Scottish Cup, and the UEFA Europa LeagueAs of 19 July 2018{{col-begin}}{{col-3}}{{col-end}}{{col-end}}As of 19 July 2018{{col-begin}}{{col-3}}NameRoleManager {{flagicon|ENG}} Steven GerrardAssistant Manager{{flagicon|SCO}} Gary McAllisterFirst Team Coach{{flagicon|ENG}} Michael Beale Technical Coach{{flagicon|ENG}} Tom CulshawGoalkeeping Coach{{flagicon|SCO}} Colin Stewart Head of Scouting{{flagicon|ENG}} Andy ScouldingClub Scouts{{flagicon|SCO}} John Brown
{{flagicon|SCO}} Billy McLaren
{{flagicon|ENG}} David SwanickScouting Coordinator{{flagicon|ENG}} Rob ClarksonDoctor{{flagicon|ENG}} Dr Mark WallerHead of Performance{{flagicon|ENG}} Jordan MilsomHead of Preparation{{flagicon|SCO}} Craig FlanniganHead of Strength and Conditioning{{flagicon|GRE}} Paraskevas PolychronopoulosPhysiotherapist{{flagicon|ENG}} Steve WalkerMasseur{{flagicon|SCO}} David LaveryKit Executive{{flagicon|SCO}} Jimmy BellNameRoleHonorary Life President{{flagicon|SCO}} John GreigDirector of Football{{flagicon|WAL}} Mark AllenHead of Academy{{flagicon|SCO}} Craig MulhollandClub Ambassadors{{flagicon|SCO}} Richard Gough
{{flagicon|ENG}} Mark Hateley
{{flagicon|SCO}} Derek JohnstoneSupporters Liaison Officer{{flagicon|SCO}} Greg Marshall{{col-end}}As of 21 August 2018{{col-begin}}{{col-3}}NameRoleChairman{{flagicon|SCO}} Dave KingDeputy Chairman{{flagicon|SCO}} Douglas ParkCompany Secretary{{flagicon|SCO}} James BlairNon-Executive Director{{flagicon|SCO}} John BennettNon-Executive Director{{flagicon|SCO}} Alastair JohnstonNon-Executive Director{{flagicon|SCO}} Graeme ParkNon-Executive Director{{flagicon|SCO}} Barry ScottNon-Executive Director{{flagicon|DEN}} Julian Wolhardt{{col-end}}As of 19 July 2018{{col-begin}}{{col-3}}NameRoleManaging Director{{flagicon|SCO}} Stewart RobertsonCompany Secretary{{flagicon|SCO}} James BlairDirector of Finance and Administration{{flagicon|SCO}} Andrew Dickson{{col-end}}{{fb overview2|c=4|c1=[[2018–19 UEFA Europa League|Europa League]] |fm1=12 July 2018 |lm1= 13 December 2018 |sr1=[[2018–19 UEFA Europa League#First qualifying round|1st Round]] |fp1=[[2018–19_UEFA_Europa_League_group_stage#Group_G|Group Stage]]|w1=5 |d1=7 |l1=2 |f1=17 |a1=11|c2=[[2018–19 Scottish Premiership|Premiership]] |fm2=5 August 2018 |lm2=19 May 2019 |sr2=Matchday 1 |fp2=2nd|w2=23 |d2=9 |l2=6 |f2=82 |a2=27|c3=[[2018–19 Scottish League Cup|League Cup]] |fm3=19 August 2018 |lm3=28 October 2018 |sr3=[[2018–19_Scottish_League_Cup#Second_round|2nd Round]] |fp3=[[2018–19_Scottish_League_Cup#Semi-finals|Semi-Final]]|w3=2 |d3=0 |l3=1 |f3=7 |a3=2|c4=[[2018–19 Scottish Cup|Scottish Cup]] |fm4= 31 January 2019 |lm4= 12 March 2019 |sr4=[[2018–19_Scottish_Cup#Fourth_round|4th Round]] |fp4=[[2018–19_Scottish_Cup#Quarter-finals|Quarter-Final]]|w4=2 |d4=2 |l4=1 |f4=9 |a4=4}}{{2018–19 Scottish Premiership table|showteam=RAN}}Last updated 19 May 2019NameFromToPWDLWin%{{refn|group=note|name=percentage|Win% is the percentage of matches won [[Rounding|rounded]] to two [[decimal]] places.}}{{sortname|Steven|Gerrard}}{{dts|format=dmy|2018|06|01}}Present{{WDL|60|32|18|10}}{{col-begin}}{{col-2}}DatePlayerFromFee14 May 2018 {{flagicon|CAN}} Scott Arfield {{flagicon|ENG}} Burnley{{ntsh|0.0}}Free16 May 2018 {{flagicon|SCO}} Allan McGregor {{flagicon|ENG}} Hull City{{ntsh|0.0}}Free18 May 2018 {{flagicon|SCO}} Jamie Murphy {{flagicon|ENG}} Brighton & Hove Albion{{ntsh|0.0}}Undisclosed12 June 2018 {{flagicon|CRO}} Nikola Katić {{flagicon|CRO}} NK Slaven Belupo{{ntsh|0.0}}Undisclosed13 June 2018 {{flagicon|ENG}} Connor Goldson {{flagicon|ENG}} Brighton & Hove Albion{{ntsh|0.0}}Undisclosed21 June 2018 {{flagicon|ENG}} Jon Flanagan {{flagicon|ENG}} Liverpool{{ntsh|0.0}}Free7 August 2018 {{flagicon|CRO}} Borna Barišić {{flagicon|CRO}} NK Osijek{{ntsh|0.0}}£2,200,00022 August 2018 {{flagicon|NIR}} Kyle Lafferty {{flagicon|SCO}} Heart of Midlothian{{ntsh|0.0}}Undisclosed31 August 2018 {{flagicon|ALB}} Eros Grezda {{flagicon|CRO}} NK Osijek{{ntsh|0.0}}Undisclosed3 September 2018 {{flagicon|NIR}} Gareth McAuley {{flagicon|ENG}} West Bromwich Albion{{ntsh|0.0}}Free25 January 2019 {{flagicon|ENG}} Andy Firth {{flagicon|ENG}} Barrow{{ntsh|0.0}}Undisclosed30 January 2019 {{flagicon|USA}} Matt Polster {{flagicon|USA}} Chicago Fire{{ntsh|0.0}}Free31 January 2019 {{flagicon|Finland}} Glen Kamara {{flagicon|SCO}} Dundee{{ntsh|0.0}}Undisclosed{{col-2}}DatePlayerToFee1 June 2018 {{flagicon|SCO}} Kenny Miller {{flagicon|SCO}} Livingston{{ntsh|0.0}}Free1 June 2018 {{flagicon|SCO}} David Bates {{flagicon|GER}} Hamburg{{ntsh|0.0}}Development Fee1 June 2018 {{flagicon|NIR}} Jordan Thompson {{flagicon|ENG}} Blackpool{{ntsh|0.0}}Free8 June 2018 {{flagicon|SCO}} Liam Kelly {{flagicon|SCO}} Livingston{{ntsh|0.0}}Undisclosed16 June 2018 {{flagicon|SCO}} Michael O'Halloran {{flagicon|AUS}} Melbourne City{{ntsh|0.0}}Undisclosed11 July 2018 {{flagicon|POR}} Bruno Alves {{flagicon|ITA}} Parma{{ntsh|0.0}}Free18 July 2018 {{flagicon|ENG}} Harry Forrester {{flagicon|IRN}} Tractor Sazi{{ntsh|0.0}}Free30 July 2018 {{flagicon|POR}} Fábio Cardoso {{flagicon|POR}} Santa Clara{{ntsh|0.0}}Free9 August 2018 {{flagicon|WAL}} Declan John {{flagicon|WAL}} Swansea City{{ntsh|0.0}}Undisclosed9 August 2018 {{flagicon|ENG}} Josh Windass {{flagicon|ENG}} Wigan Athletic{{ntsh|0.0}}£2,500,0005 February 2019 {{flagicon|MEX}} Carlos Peña {{flagicon|POL}} GKS Tychy{{ntsh|0.0}}Free{{col-end}}{{col-begin}}{{col-2}}Start dateEnd datePlayerFromFee7 June 201815 December 2018 {{flagicon|ENG}} Ovie Ejaria {{flagicon|ENG}} Liverpool{{ntsh|0.0}}Loan10 July 201815 December 2018 {{flagicon|NGA}} Umar Sadiq {{flagicon|ITA}} Roma{{ntsh|0.0}}Loan10 July 201830 June 2019 {{flagicon|MLI}} Lassana Coulibaly {{flagicon|FRA}} Angers SCO{{ntsh|0.0}}Loan22 July 201830 June 2019 {{flagicon|ENG}} Ryan Kent {{flagicon|ENG}} Liverpool{{ntsh|0.0}}Loan31 August 201830 June 2019 {{flagicon|ENG}} Joe Worrall {{flagicon|ENG}} Nottingham Forest{{ntsh|0.0}}Loan6 January 201930 June 2020 {{flagicon|ENG}} Jermain Defoe {{flagicon|ENG}} Bournemouth{{ntsh|0.0}}Loan6 January 201930 June 2019 {{flagicon|NIR}} Steven Davis {{flagicon|ENG}} Southampton{{ntsh|0.0}}Loan{{col-2}}Start dateEnd datePlayerToFee7 June 201831 December 2018 {{flagicon|MEX}} Carlos Peña {{flagicon|MEX}} Club Necaxa{{ntsh|0.0}}Loan13 June 201831 May 2019 {{flagicon|GHA}} Joe Dodoo {{flagicon|ENG}} Blackpool{{ntsh|0.0}}Loan18 June 201831 May 2019 {{flagicon|SCO}} Jason Holt {{flagicon|ENG}} Fleetwood Town{{ntsh|0.0}}Loan25 June 20186 January 2019 (Extended to 31 May 2019) {{flagicon|SCO}} Ryan Hardie {{flagicon|SCO}} Livingston{{ntsh|0.0}}Loan16 July 201831 December 2018 {{flagicon|MEX}} Eduardo Herrera {{flagicon|MEX}} Santos Laguna{{ntsh|0.0}}Loan1 August 20186 January 2019 {{flagicon|SCO}} Kieran Wright {{flagicon|SCO}} Raith Rovers{{ntsh|0.0}}Loan3 August 20187 January 2019 {{flagicon|SCO}} Aidan Wilson {{flagicon|SCO}} Forfar Athletic{{ntsh|0.0}}Loan8 August 201831 May 2019 {{flagicon|SCO}} Greg Docherty {{flagicon|ENG}} Shrewsbury Town{{ntsh|0.0}}Loan15 August 20181 January 2019 {{flagicon|SCO}} Jamie Barjonas {{flagicon|ENG}} Bury{{ntsh|0.0}}Loan20 August 201831 May 2019 {{flagicon|NIR}} Lee Hodson {{flagicon|SCO}} St Mirren{{ntsh|0.0}}Loan21 August 20188 January 2019 {{flagicon|MLT}} Myles Beerman {{flagicon|MLT}} Birkirkara{{ntsh|0.0}}Loan24 August 201831 May 2019 {{flagicon|SCO}} Liam Burt {{flagicon|SCO}} Alloa Athletic{{ntsh|0.0}}Loan30 August 20186 January 2019 (Extended to 31 May 2019) {{flagicon|ENG}} Jak Alnwick {{flagicon|ENG}} Scunthorpe United{{ntsh|0.0}}Loan31 August 20186 January 2019 (Extended to 31 May 2019) {{flagicon|SCO}} Zak Rudden {{flagicon|SCO}} Falkirk{{ntsh|0.0}}Loan15 September 20186 January 2019 (Extended to 31 May 2019) {{flagicon|SCO}} Kyle Bradley {{flagicon|SCO}} Annan Athletic{{ntsh|0.0}}Loan8 January 201931 May 2019 {{flagicon|MEX}} Eduardo Herrera {{flagicon|MEX}} Club Necaxa{{ntsh|0.0}}Loan23 January 201931 May 2019 {{flagicon|MLT}} Myles Beerman {{flagicon|MLT}} Gżira United{{ntsh|0.0}}Loan25 January 201931 May 2019 {{flagicon|SCO}} Robby McCrorie {{flagicon|SCO}} Greenock Morton{{ntsh|0.0}}Loan25 January 201931 May 2019 {{flagicon|SCO}} Andrew Dallas {{flagicon|SCO}} Greenock Morton{{ntsh|0.0}}Loan29 January 201931 May 2019 {{flagicon|SCO}} Jamie Barjonas {{flagicon|SCO}} Raith Rovers{{ntsh|0.0}}Loan31 January 201931 May 2019 {{flagicon|ENG}} Jordan Rossiter {{flagicon|ENG}} Bury{{ntsh|0.0}}Loan21 February 201931 May 2019 {{flagicon|SCO}} Jordan Houston {{flagicon|SCO}} Airdrieonians{{ntsh|0.0}}Loan4 April 20191 June 2019 {{flagicon|FIN}} Serge Atakayi {{flagicon|FIN}} SJK{{ntsh|0.0}}Loan{{col-end}}
List of Rangers F.C. seasons{{Reflist|group=""nb""}}{{reflist|group=note}}{{Reflist|30em}}{{Rangers F.C. seasons}}{{Rangers F.C.}}{{2018–19 in Scottish football}}{{DEFAULTSORT:2018-19 Rangers F.C. season}}Category:Rangers F.C. seasonsRangersRangers","Players transferred or loaned out during the season{{Efs player|no= 9|name=[[Umar Sadiq]]|pos=FW|nat=Nigeria|0+1|0|0|0|1+1|0|0+1|0}}||1||0{{Efs player|no=10|name=[[Ovie Ejaria]]|pos=MF|nat=ENG|11+3|1|0|0|3|0|9+2|1}}||3||0{{Efs player|no=11|name=[[Josh Windass]]|pos=MF|nat=ENG|1|0|0|0|0|0|2+2|0}}||2||0{{Efs player|no=18|name=[[Jordan Rossiter]]|pos=MF|nat=ENG|2+2|0|0|0|0+1|0|0|0}}||1||0{{Efs player|no=22|name=[[Greg Docherty]]|pos=MF|nat=SCO|0|0|0|0|0|0|0|0}}||0||0{{Efs player|no=25|name=[[Jak Alnwick]]|pos=GK|nat=ENG|0|0|0|0|0|0|0|0}}||0||0{{Efs player|no=26|name=[[Lee Hodson]]|pos=DF|nat=NIR|0|0|0|0|0|0|0|0}}||0||0{{Efs player|no=28|name=[[Robby McCrorie]]|pos=GK|nat=SCO|0|0|0|0|0|0|0|0}}||0||0{{Efs player|no=29|name=[[Zak Rudden]]|pos=FW|nat=SCO|0|0|0|0|0|0|0|0}}||0||0{{Efs player|no=30|name=[[Kyle Bradley (footballer)|Kyle Bradley]]|pos=DF|nat=SCO|0|0|0|0|0|0|0|0}}||0||0{{Efs player|no=33|name=[[Jamie Barjonas]]|pos=MF|nat=SCO|0|0|0|0|0|0|0|0}}||0||0{{Efs player|no=45|name=[[Serge Atakayi]]|pos=FW|nat=FIN|0+1|0|0|0|0|0|0|0}}||0||0{{Efs player|no=49|name=[[Jordan Houston (footballer)|Jordan Houston]]|pos=DF|nat=SCO|0|0|0+1|0|0|0|0|0}}||0||0{{Efs player|no=−|name=[[Myles Beerman]]|pos=DF|nat=MLT|0|0|0|0|0|0|0|0}}||0||0{{Efs player|no=−|name=[[Jason Holt]]|pos=MF|nat=SCO|0|0|0|0|0|0|0|0}}||0||0{{Efs player|no=−|name=[[Carlos Peña (Mexican footballer)|Carlos Peña]]|pos=MF|nat=MEX|0|0|0|0|0|0|0|0}}||0||0{{Efs player|no=−|name=[[Joe Dodoo]]|pos=FW|nat=GHA|0|0|0|0|0|0|0|0}}||0||0{{Efs player|no=−|name=[[Ryan Hardie]]|pos=FW|nat=SCO|0|0|0|0|0|0|0|0}}||0||0{{Efs player|no=−|name=[[Eduardo Herrera (footballer, born 1988)|Eduardo Herrera]]|pos=FW|nat=MEX|0|0|0|0|0|0|0|0}}||0||0{{fb si footer |u=19 May 2019|c=SCO |ss=2018 |s=|date=June 2018}}Appearances (starts and substitute appearances) and goals include those in Scottish Premiership, League Cup, Scottish Cup, and the UEFA Europa LeagueAs of 19 July 2018{{col-begin}}{{col-3}}{{col-end}}{{col-end}}As of 19 July 2018{{col-begin}}{{col-3}}NameRoleManager {{flagicon|ENG}} Steven GerrardAssistant Manager{{flagicon|SCO}} Gary McAllisterFirst Team Coach{{flagicon|ENG}} Michael Beale Technical Coach{{flagicon|ENG}} Tom CulshawGoalkeeping Coach{{flagicon|SCO}} Colin Stewart Head of Scouting{{flagicon|ENG}} Andy ScouldingClub Scouts{{flagicon|SCO}} John Brown
{{flagicon|SCO}} Billy McLaren
{{flagicon|ENG}} David SwanickScouting Coordinator{{flagicon|ENG}} Rob ClarksonDoctor{{flagicon|ENG}} Dr Mark WallerHead of Performance{{flagicon|ENG}} Jordan MilsomHead of Preparation{{flagicon|SCO}} Craig FlanniganHead of Strength and Conditioning{{flagicon|GRE}} Paraskevas PolychronopoulosPhysiotherapist{{flagicon|ENG}} Steve WalkerMasseur{{flagicon|SCO}} David LaveryKit Executive{{flagicon|SCO}} Jimmy BellNameRoleHonorary Life President{{flagicon|SCO}} John GreigDirector of Football{{flagicon|WAL}} Mark AllenHead of Academy{{flagicon|SCO}} Craig MulhollandClub Ambassadors{{flagicon|SCO}} Richard Gough
{{flagicon|ENG}} Mark Hateley
{{flagicon|SCO}} Derek JohnstoneSupporters Liaison Officer{{flagicon|SCO}} Greg Marshall{{col-end}}As of 21 August 2018{{col-begin}}{{col-3}}NameRoleChairman{{flagicon|SCO}} Dave KingDeputy Chairman{{flagicon|SCO}} Douglas ParkCompany Secretary{{flagicon|SCO}} James BlairNon-Executive Director{{flagicon|SCO}} John BennettNon-Executive Director{{flagicon|SCO}} Alastair JohnstonNon-Executive Director{{flagicon|SCO}} Graeme ParkNon-Executive Director{{flagicon|SCO}} Barry ScottNon-Executive Director{{flagicon|DEN}} Julian Wolhardt{{col-end}}As of 19 July 2018{{col-begin}}{{col-3}}NameRoleManaging Director{{flagicon|SCO}} Stewart RobertsonCompany Secretary{{flagicon|SCO}} James BlairDirector of Finance and Administration{{flagicon|SCO}} Andrew Dickson{{col-end}}{{fb overview2|c=4|c1=[[2018–19 UEFA Europa League|Europa League]] |fm1=12 July 2018 |lm1= 13 December 2018 |sr1=[[2018–19 UEFA Europa League#First qualifying round|1st Round]] |fp1=[[2018–19_UEFA_Europa_League_group_stage#Group_G|Group Stage]]|w1=5 |d1=7 |l1=2 |f1=17 |a1=11|c2=[[2018–19 Scottish Premiership|Premiership]] |fm2=5 August 2018 |lm2=19 May 2019 |sr2=Matchday 1 |fp2=2nd|w2=23 |d2=9 |l2=6 |f2=82 |a2=27|c3=[[2018–19 Scottish League Cup|League Cup]] |fm3=19 August 2018 |lm3=28 October 2018 |sr3=[[2018–19_Scottish_League_Cup#Second_round|2nd Round]] |fp3=[[2018–19_Scottish_League_Cup#Semi-finals|Semi-Final]]|w3=2 |d3=0 |l3=1 |f3=7 |a3=2|c4=[[2018–19 Scottish Cup|Scottish Cup]] |fm4= 31 January 2019 |lm4= 12 March 2019 |sr4=[[2018–19_Scottish_Cup#Fourth_round|4th Round]] |fp4=[[2018–19_Scottish_Cup#Quarter-finals|Quarter-Final]]|w4=2 |d4=2 |l4=1 |f4=9 |a4=4}}{{2018–19 Scottish Premiership table|showteam=RAN}}Last updated 19 May 2019NameFromToPWDLWin%{{refn|group=note|name=percentage|Win% is the percentage of matches won [[Rounding|rounded]] to two [[decimal]] places.}}{{sortname|Steven|Gerrard}}{{dts|format=dmy|2018|06|01}}Present{{WDL|60|32|18|10}}{{col-begin}}{{col-2}}DatePlayerFromFee14 May 2018 {{flagicon|CAN}} Scott Arfield {{flagicon|ENG}} Burnley{{ntsh|0.0}}Free16 May 2018 {{flagicon|SCO}} Allan McGregor {{flagicon|ENG}} Hull City{{ntsh|0.0}}Free18 May 2018 {{flagicon|SCO}} Jamie Murphy {{flagicon|ENG}} Brighton & Hove Albion{{ntsh|0.0}}Undisclosed12 June 2018 {{flagicon|CRO}} Nikola Katić {{flagicon|CRO}} NK Slaven Belupo{{ntsh|0.0}}Undisclosed13 June 2018 {{flagicon|ENG}} Connor Goldson {{flagicon|ENG}} Brighton & Hove Albion{{ntsh|0.0}}Undisclosed21 June 2018 {{flagicon|ENG}} Jon Flanagan {{flagicon|ENG}} Liverpool{{ntsh|0.0}}Free7 August 2018 {{flagicon|CRO}} Borna Barišić {{flagicon|CRO}} NK Osijek{{ntsh|0.0}}£2,200,00022 August 2018 {{flagicon|NIR}} Kyle Lafferty {{flagicon|SCO}} Heart of Midlothian{{ntsh|0.0}}Undisclosed31 August 2018 {{flagicon|ALB}} Eros Grezda {{flagicon|CRO}} NK Osijek{{ntsh|0.0}}Undisclosed3 September 2018 {{flagicon|NIR}} Gareth McAuley {{flagicon|ENG}} West Bromwich Albion{{ntsh|0.0}}Free25 January 2019 {{flagicon|ENG}} Andy Firth {{flagicon|ENG}} Barrow{{ntsh|0.0}}Undisclosed30 January 2019 {{flagicon|USA}} Matt Polster {{flagicon|USA}} Chicago Fire{{ntsh|0.0}}Free31 January 2019 {{flagicon|Finland}} Glen Kamara {{flagicon|SCO}} Dundee{{ntsh|0.0}}Undisclosed{{col-2}}DatePlayerToFee1 June 2018 {{flagicon|SCO}} Kenny Miller {{flagicon|SCO}} Livingston{{ntsh|0.0}}Free1 June 2018 {{flagicon|SCO}} David Bates {{flagicon|GER}} Hamburg{{ntsh|0.0}}Development Fee1 June 2018 {{flagicon|NIR}} Jordan Thompson {{flagicon|ENG}} Blackpool{{ntsh|0.0}}Free8 June 2018 {{flagicon|SCO}} Liam Kelly {{flagicon|SCO}} Livingston{{ntsh|0.0}}Undisclosed16 June 2018 {{flagicon|SCO}} Michael O'Halloran {{flagicon|AUS}} Melbourne City{{ntsh|0.0}}Undisclosed11 July 2018 {{flagicon|POR}} Bruno Alves {{flagicon|ITA}} Parma{{ntsh|0.0}}Free18 July 2018 {{flagicon|ENG}} Harry Forrester {{flagicon|IRN}} Tractor Sazi{{ntsh|0.0}}Free30 July 2018 {{flagicon|POR}} Fábio Cardoso {{flagicon|POR}} Santa Clara{{ntsh|0.0}}Free9 August 2018 {{flagicon|WAL}} Declan John {{flagicon|WAL}} Swansea City{{ntsh|0.0}}Undisclosed9 August 2018 {{flagicon|ENG}} Josh Windass {{flagicon|ENG}} Wigan Athletic{{ntsh|0.0}}£2,500,0005 February 2019 {{flagicon|MEX}} Carlos Peña {{flagicon|POL}} GKS Tychy{{ntsh|0.0}}Free{{col-end}}{{col-begin}}{{col-2}}Start dateEnd datePlayerFromFee7 June 201815 December 2018 {{flagicon|ENG}} Ovie Ejaria {{flagicon|ENG}} Liverpool{{ntsh|0.0}}Loan10 July 201815 December 2018 {{flagicon|NGA}} Umar Sadiq {{flagicon|ITA}} Roma{{ntsh|0.0}}Loan10 July 201830 June 2019 {{flagicon|MLI}} Lassana Coulibaly {{flagicon|FRA}} Angers SCO{{ntsh|0.0}}Loan22 July 201830 June 2019 {{flagicon|ENG}} Ryan Kent {{flagicon|ENG}} Liverpool{{ntsh|0.0}}Loan31 August 201830 June 2019 {{flagicon|ENG}} Joe Worrall {{flagicon|ENG}} Nottingham Forest{{ntsh|0.0}}Loan6 January 201930 June 2020 {{flagicon|ENG}} Jermain Defoe {{flagicon|ENG}} Bournemouth{{ntsh|0.0}}Loan6 January 201930 June 2019 {{flagicon|NIR}} Steven Davis {{flagicon|ENG}} Southampton{{ntsh|0.0}}Loan{{col-2}}Start dateEnd datePlayerToFee7 June 201831 December 2018 {{flagicon|MEX}} Carlos Peña {{flagicon|MEX}} Club Necaxa{{ntsh|0.0}}Loan13 June 201831 May 2019 {{flagicon|GHA}} Joe Dodoo {{flagicon|ENG}} Blackpool{{ntsh|0.0}}Loan18 June 201831 May 2019 {{flagicon|SCO}} Jason Holt {{flagicon|ENG}} Fleetwood Town{{ntsh|0.0}}Loan25 June 20186 January 2019 (Extended to 31 May 2019) {{flagicon|SCO}} Ryan Hardie {{flagicon|SCO}} Livingston{{ntsh|0.0}}Loan16 July 201831 December 2018 {{flagicon|MEX}} Eduardo Herrera {{flagicon|MEX}} Santos Laguna{{ntsh|0.0}}Loan1 August 20186 January 2019 {{flagicon|SCO}} Kieran Wright {{flagicon|SCO}} Raith Rovers{{ntsh|0.0}}Loan3 August 20187 January 2019 {{flagicon|SCO}} Aidan Wilson {{flagicon|SCO}} Forfar Athletic{{ntsh|0.0}}Loan8 August 201831 May 2019 {{flagicon|SCO}} Greg Docherty {{flagicon|ENG}} Shrewsbury Town{{ntsh|0.0}}Loan15 August 20181 January 2019 {{flagicon|SCO}} Jamie Barjonas {{flagicon|ENG}} Bury{{ntsh|0.0}}Loan20 August 201831 May 2019 {{flagicon|NIR}} Lee Hodson {{flagicon|SCO}} St Mirren{{ntsh|0.0}}Loan21 August 20188 January 2019 {{flagicon|MLT}} Myles Beerman {{flagicon|MLT}} Birkirkara{{ntsh|0.0}}Loan24 August 201831 May 2019 {{flagicon|SCO}} Liam Burt {{flagicon|SCO}} Alloa Athletic{{ntsh|0.0}}Loan30 August 20186 January 2019 (Extended to 31 May 2019) {{flagicon|ENG}} Jak Alnwick {{flagicon|ENG}} Scunthorpe United{{ntsh|0.0}}Loan31 August 20186 January 2019 (Extended to 31 May 2019) {{flagicon|SCO}} Zak Rudden {{flagicon|SCO}} Falkirk{{ntsh|0.0}}Loan15 September 20186 January 2019 (Extended to 31 May 2019) {{flagicon|SCO}} Kyle Bradley {{flagicon|SCO}} Annan Athletic{{ntsh|0.0}}Loan8 January 201931 May 2019 {{flagicon|MEX}} Eduardo Herrera {{flagicon|MEX}} Club Necaxa{{ntsh|0.0}}Loan23 January 201931 May 2019 {{flagicon|MLT}} Myles Beerman {{flagicon|MLT}} Gżira United{{ntsh|0.0}}Loan25 January 201931 May 2019 {{flagicon|SCO}} Robby McCrorie {{flagicon|SCO}} Greenock Morton{{ntsh|0.0}}Loan25 January 201931 May 2019 {{flagicon|SCO}} Andrew Dallas {{flagicon|SCO}} Greenock Morton{{ntsh|0.0}}Loan29 January 201931 May 2019 {{flagicon|SCO}} Jamie Barjonas {{flagicon|SCO}} Raith Rovers{{ntsh|0.0}}Loan31 January 201931 May 2019 {{flagicon|ENG}} Jordan Rossiter {{flagicon|ENG}} Bury{{ntsh|0.0}}Loan21 February 201931 May 2019 {{flagicon|SCO}} Jordan Houston {{flagicon|SCO}} Airdrieonians{{ntsh|0.0}}Loan4 April 20191 June 2019 {{flagicon|FIN}} Serge Atakayi {{flagicon|FIN}} SJK{{ntsh|0.0}}Loan{{col-end}}
List of Rangers F.C. seasons{{Reflist|group=""nb""}}{{reflist|group=note}}{{Reflist|30em}}{{Rangers F.C. seasons}}{{Rangers F.C.}}{{2018–19 in Scottish football}}{{DEFAULTSORT:2018-19 Rangers F.C. season}}Category:Rangers F.C. seasonsRangersRangers","Players transferred or loaned out during the season{{Efs player|no= 9|name=[[Umar Sadiq]]|pos=FW|nat=Nigeria|0+1|0|0|0|1+1|0|0+1|0}}||1||0{{Efs player|no=10|name=[[Ovie Ejaria]]|pos=MF|nat=ENG|11+3|1|0|0|3|0|9+2|1}}||3||0{{Efs player|no=11|name=[[Josh Windass]]|pos=MF|nat=ENG|1|0|0|0|0|0|2+2|0}}||2||0{{Efs player|no=18|name=[[Jordan Rossiter]]|pos=MF|nat=ENG|2+2|0|0|0|0+1|0|0|0}}||1||0{{Efs player|no=22|name=[[Greg Docherty]]|pos=MF|nat=SCO|0|0|0|0|0|0|0|0}}||0||0{{Efs player|no=25|name=[[Jak Alnwick]]|pos=GK|nat=ENG|0|0|0|0|0|0|0|0}}||0||0{{Efs player|no=26|name=[[Lee Hodson]]|pos=DF|nat=NIR|0|0|0|0|0|0|0|0}}||0||0{{Efs player|no=28|name=[[Robby McCrorie]]|pos=GK|nat=SCO|0|0|0|0|0|0|0|0}}||0||0{{Efs player|no=29|name=[[Zak Rudden]]|pos=FW|nat=SCO|0|0|0|0|0|0|0|0}}||0||0{{Efs player|no=30|name=[[Kyle Bradley (footballer)|Kyle Bradley]]|pos=DF|nat=SCO|0|0|0|0|0|0|0|0}}||0||0{{Efs player|no=33|name=[[Jamie Barjonas]]|pos=MF|nat=SCO|0|0|0|0|0|0|0|0}}||0||0{{Efs player|no=45|name=[[Serge Atakayi]]|pos=FW|nat=FIN|0+1|0|0|0|0|0|0|0}}||0||0{{Efs player|no=49|name=[[Jordan Houston (footballer)|Jordan Houston]]|pos=DF|nat=SCO|0|0|0+1|0|0|0|0|0}}||0||0{{Efs player|no=−|name=[[Myles Beerman]]|pos=DF|nat=MLT|0|0|0|0|0|0|0|0}}||0||0{{Efs player|no=−|name=[[Jason Holt]]|pos=MF|nat=SCO|0|0|0|0|0|0|0|0}}||0||0{{Efs player|no=−|name=[[Carlos Peña (Mexican footballer)|Carlos Peña]]|pos=MF|nat=MEX|0|0|0|0|0|0|0|0}}||0||0{{Efs player|no=−|name=[[Joe Dodoo]]|pos=FW|nat=GHA|0|0|0|0|0|0|0|0}}||0||0{{Efs player|no=−|name=[[Ryan Hardie]]|pos=FW|nat=SCO|0|0|0|0|0|0|0|0}}||0||0{{Efs player|no=−|name=[[Eduardo Herrera (footballer, born 1988)|Eduardo Herrera]]|pos=FW|nat=MEX|0|0|0|0|0|0|0|0}}||0||0{{fb si footer |u=19 May 2019|c=SCO |ss=2018 |s=|date=June 2018}}Appearances (starts and substitute appearances) and goals include those in Scottish Premiership, League Cup, Scottish Cup, and the UEFA Europa LeagueAs of 19 July 2018{{col-begin}}{{col-3}}{{col-end}}{{col-end}}As of 19 July 2018{{col-begin}}{{col-3}}NameRoleManager {{flagicon|ENG}} Steven GerrardAssistant Manager{{flagicon|SCO}} Gary McAllisterFirst Team Coach{{flagicon|ENG}} Michael Beale Technical Coach{{flagicon|ENG}} Tom CulshawGoalkeeping Coach{{flagicon|SCO}} Colin Stewart Head of Scouting{{flagicon|ENG}} Andy ScouldingClub Scouts{{flagicon|SCO}} John Brown
{{flagicon|SCO}} Billy McLaren
{{flagicon|ENG}} David SwanickScouting Coordinator{{flagicon|ENG}} Rob ClarksonDoctor{{flagicon|ENG}} Dr Mark WallerHead of Performance{{flagicon|ENG}} Jordan MilsomHead of Preparation{{flagicon|SCO}} Craig FlanniganHead of Strength and Conditioning{{flagicon|GRE}} Paraskevas PolychronopoulosPhysiotherapist{{flagicon|ENG}} Steve WalkerMasseur{{flagicon|SCO}} David LaveryKit Executive{{flagicon|SCO}} Jimmy BellNameRoleHonorary Life President{{flagicon|SCO}} John GreigDirector of Football{{flagicon|WAL}} Mark AllenHead of Academy{{flagicon|SCO}} Craig MulhollandClub Ambassadors{{flagicon|SCO}} Richard Gough
{{flagicon|ENG}} Mark Hateley
{{flagicon|SCO}} Derek JohnstoneSupporters Liaison Officer{{flagicon|SCO}} Greg Marshall{{col-end}}As of 21 August 2018{{col-begin}}{{col-3}}NameRoleChairman{{flagicon|SCO}} Dave KingDeputy Chairman{{flagicon|SCO}} Douglas ParkCompany Secretary{{flagicon|SCO}} James BlairNon-Executive Director{{flagicon|SCO}} John BennettNon-Executive Director{{flagicon|SCO}} Alastair JohnstonNon-Executive Director{{flagicon|SCO}} Graeme ParkNon-Executive Director{{flagicon|SCO}} Barry ScottNon-Executive Director{{flagicon|DEN}} Julian Wolhardt{{col-end}}As of 19 July 2018{{col-begin}}{{col-3}}NameRoleManaging Director{{flagicon|SCO}} Stewart RobertsonCompany Secretary{{flagicon|SCO}} James BlairDirector of Finance and Administration{{flagicon|SCO}} Andrew Dickson{{col-end}}{{fb overview2|c=4|c1=[[2018–19 UEFA Europa League|Europa League]] |fm1=12 July 2018 |lm1= 13 December 2018 |sr1=[[2018–19 UEFA Europa League#First qualifying round|1st Round]] |fp1=[[2018–19_UEFA_Europa_League_group_stage#Group_G|Group Stage]]|w1=5 |d1=7 |l1=2 |f1=17 |a1=11|c2=[[2018–19 Scottish Premiership|Premiership]] |fm2=5 August 2018 |lm2=19 May 2019 |sr2=Matchday 1 |fp2=2nd|w2=23 |d2=9 |l2=6 |f2=82 |a2=27|c3=[[2018–19 Scottish League Cup|League Cup]] |fm3=19 August 2018 |lm3=28 October 2018 |sr3=[[2018–19_Scottish_League_Cup#Second_round|2nd Round]] |fp3=[[2018–19_Scottish_League_Cup#Semi-finals|Semi-Final]]|w3=2 |d3=0 |l3=1 |f3=7 |a3=2|c4=[[2018–19 Scottish Cup|Scottish Cup]] |fm4= 31 January 2019 |lm4= 12 March 2019 |sr4=[[2018–19_Scottish_Cup#Fourth_round|4th Round]] |fp4=[[2018–19_Scottish_Cup#Quarter-finals|Quarter-Final]]|w4=2 |d4=2 |l4=1 |f4=9 |a4=4}}{{2018–19 Scottish Premiership table|showteam=RAN}}Last updated 19 May 2019NameFromToPWDLWin%{{refn|group=note|name=percentage|Win% is the percentage of matches won [[Rounding|rounded]] to two [[decimal]] places.}}{{sortname|Steven|Gerrard}}{{dts|format=dmy|2018|06|01}}Present{{WDL|60|32|18|10}}{{col-begin}}{{col-2}}DatePlayerFromFee14 May 2018 {{flagicon|CAN}} Scott Arfield {{flagicon|ENG}} Burnley{{ntsh|0.0}}Free16 May 2018 {{flagicon|SCO}} Allan McGregor {{flagicon|ENG}} Hull City{{ntsh|0.0}}Free18 May 2018 {{flagicon|SCO}} Jamie Murphy {{flagicon|ENG}} Brighton & Hove Albion{{ntsh|0.0}}Undisclosed12 June 2018 {{flagicon|CRO}} Nikola Katić {{flagicon|CRO}} NK Slaven Belupo{{ntsh|0.0}}Undisclosed13 June 2018 {{flagicon|ENG}} Connor Goldson {{flagicon|ENG}} Brighton & Hove Albion{{ntsh|0.0}}Undisclosed21 June 2018 {{flagicon|ENG}} Jon Flanagan {{flagicon|ENG}} Liverpool{{ntsh|0.0}}Free7 August 2018 {{flagicon|CRO}} Borna Barišić {{flagicon|CRO}} NK Osijek{{ntsh|0.0}}£2,200,00022 August 2018 {{flagicon|NIR}} Kyle Lafferty {{flagicon|SCO}} Heart of Midlothian{{ntsh|0.0}}Undisclosed31 August 2018 {{flagicon|ALB}} Eros Grezda {{flagicon|CRO}} NK Osijek{{ntsh|0.0}}Undisclosed3 September 2018 {{flagicon|NIR}} Gareth McAuley {{flagicon|ENG}} West Bromwich Albion{{ntsh|0.0}}Free25 January 2019 {{flagicon|ENG}} Andy Firth {{flagicon|ENG}} Barrow{{ntsh|0.0}}Undisclosed30 January 2019 {{flagicon|USA}} Matt Polster {{flagicon|USA}} Chicago Fire{{ntsh|0.0}}Free31 January 2019 {{flagicon|Finland}} Glen Kamara {{flagicon|SCO}} Dundee{{ntsh|0.0}}Undisclosed{{col-2}}DatePlayerToFee1 June 2018 {{flagicon|SCO}} Kenny Miller {{flagicon|SCO}} Livingston{{ntsh|0.0}}Free1 June 2018 {{flagicon|SCO}} David Bates {{flagicon|GER}} Hamburg{{ntsh|0.0}}Development Fee1 June 2018 {{flagicon|NIR}} Jordan Thompson {{flagicon|ENG}} Blackpool{{ntsh|0.0}}Free8 June 2018 {{flagicon|SCO}} Liam Kelly {{flagicon|SCO}} Livingston{{ntsh|0.0}}Undisclosed16 June 2018 {{flagicon|SCO}} Michael O'Halloran {{flagicon|AUS}} Melbourne City{{ntsh|0.0}}Undisclosed11 July 2018 {{flagicon|POR}} Bruno Alves {{flagicon|ITA}} Parma{{ntsh|0.0}}Free18 July 2018 {{flagicon|ENG}} Harry Forrester {{flagicon|IRN}} Tractor Sazi{{ntsh|0.0}}Free30 July 2018 {{flagicon|POR}} Fábio Cardoso {{flagicon|POR}} Santa Clara{{ntsh|0.0}}Free9 August 2018 {{flagicon|WAL}} Declan John {{flagicon|WAL}} Swansea City{{ntsh|0.0}}Undisclosed9 August 2018 {{flagicon|ENG}} Josh Windass {{flagicon|ENG}} Wigan Athletic{{ntsh|0.0}}£2,500,0005 February 2019 {{flagicon|MEX}} Carlos Peña {{flagicon|POL}} GKS Tychy{{ntsh|0.0}}Free{{col-end}}{{col-begin}}{{col-2}}Start dateEnd datePlayerFromFee7 June 201815 December 2018 {{flagicon|ENG}} Ovie Ejaria {{flagicon|ENG}} Liverpool{{ntsh|0.0}}Loan10 July 201815 December 2018 {{flagicon|NGA}} Umar Sadiq {{flagicon|ITA}} Roma{{ntsh|0.0}}Loan10 July 201830 June 2019 {{flagicon|MLI}} Lassana Coulibaly {{flagicon|FRA}} Angers SCO{{ntsh|0.0}}Loan22 July 201830 June 2019 {{flagicon|ENG}} Ryan Kent {{flagicon|ENG}} Liverpool{{ntsh|0.0}}Loan31 August 201830 June 2019 {{flagicon|ENG}} Joe Worrall {{flagicon|ENG}} Nottingham Forest{{ntsh|0.0}}Loan6 January 201930 June 2020 {{flagicon|ENG}} Jermain Defoe {{flagicon|ENG}} Bournemouth{{ntsh|0.0}}Loan6 January 201930 June 2019 {{flagicon|NIR}} Steven Davis {{flagicon|ENG}} Southampton{{ntsh|0.0}}Loan{{col-2}}Start dateEnd datePlayerToFee7 June 201831 December 2018 {{flagicon|MEX}} Carlos Peña {{flagicon|MEX}} Club Necaxa{{ntsh|0.0}}Loan13 June 201831 May 2019 {{flagicon|GHA}} Joe Dodoo {{flagicon|ENG}} Blackpool{{ntsh|0.0}}Loan18 June 201831 May 2019 {{flagicon|SCO}} Jason Holt {{flagicon|ENG}} Fleetwood Town{{ntsh|0.0}}Loan25 June 20186 January 2019 (Extended to 31 May 2019) {{flagicon|SCO}} Ryan Hardie {{flagicon|SCO}} Livingston{{ntsh|0.0}}Loan16 July 201831 December 2018 {{flagicon|MEX}} Eduardo Herrera {{flagicon|MEX}} Santos Laguna{{ntsh|0.0}}Loan1 August 20186 January 2019 {{flagicon|SCO}} Kieran Wright {{flagicon|SCO}} Raith Rovers{{ntsh|0.0}}Loan3 August 20187 January 2019 {{flagicon|SCO}} Aidan Wilson {{flagicon|SCO}} Forfar Athletic{{ntsh|0.0}}Loan8 August 201831 May 2019 {{flagicon|SCO}} Greg Docherty {{flagicon|ENG}} Shrewsbury Town{{ntsh|0.0}}Loan15 August 20181 January 2019 {{flagicon|SCO}} Jamie Barjonas {{flagicon|ENG}} Bury{{ntsh|0.0}}Loan20 August 201831 May 2019 {{flagicon|NIR}} Lee Hodson {{flagicon|SCO}} St Mirren{{ntsh|0.0}}Loan21 August 20188 January 2019 {{flagicon|MLT}} Myles Beerman {{flagicon|MLT}} Birkirkara{{ntsh|0.0}}Loan24 August 201831 May 2019 {{flagicon|SCO}} Liam Burt {{flagicon|SCO}} Alloa Athletic{{ntsh|0.0}}Loan30 August 20186 January 2019 (Extended to 31 May 2019) {{flagicon|ENG}} Jak Alnwick {{flagicon|ENG}} Scunthorpe United{{ntsh|0.0}}Loan31 August 20186 January 2019 (Extended to 31 May 2019) {{flagicon|SCO}} Zak Rudden {{flagicon|SCO}} Falkirk{{ntsh|0.0}}Loan15 September 20186 January 2019 (Extended to 31 May 2019) {{flagicon|SCO}} Kyle Bradley {{flagicon|SCO}} Annan Athletic{{ntsh|0.0}}Loan8 January 201931 May 2019 {{flagicon|MEX}} Eduardo Herrera {{flagicon|MEX}} Club Necaxa{{ntsh|0.0}}Loan23 January 201931 May 2019 {{flagicon|MLT}} Myles Beerman {{flagicon|MLT}} Gżira United{{ntsh|0.0}}Loan25 January 201931 May 2019 {{flagicon|SCO}} Robby McCrorie {{flagicon|SCO}} Greenock Morton{{ntsh|0.0}}Loan25 January 201931 May 2019 {{flagicon|SCO}} Andrew Dallas {{flagicon|SCO}} Greenock Morton{{ntsh|0.0}}Loan29 January 201931 May 2019 {{flagicon|SCO}} Jamie Barjonas {{flagicon|SCO}} Raith Rovers{{ntsh|0.0}}Loan31 January 201931 May 2019 {{flagicon|ENG}} Jordan Rossiter {{flagicon|ENG}} Bury{{ntsh|0.0}}Loan21 February 201931 May 2019 {{flagicon|SCO}} Jordan Houston {{flagicon|SCO}} Airdrieonians{{ntsh|0.0}}Loan4 April 20191 June 2019 {{flagicon|FIN}} Serge Atakayi {{flagicon|FIN}} SJK{{ntsh|0.0}}Loan{{col-end}}
List of Rangers F.C. seasons{{Reflist|group=""nb""}}{{reflist|group=note}}{{Reflist|30em}}{{Rangers F.C. seasons}}{{Rangers F.C.}}{{2018–19 in Scottish football}}{{DEFAULTSORT:2018-19 Rangers F.C. season}}Category:Rangers F.C. seasonsRangersRangers","Players transferred or loaned out during the season{{Efs player|no= 9|name=[[Umar Sadiq]]|pos=FW|nat=Nigeria|0+1|0|0|0|1+1|0|0+1|0}}||1||0{{Efs player|no=10|name=[[Ovie Ejaria]]|pos=MF|nat=ENG|11+3|1|0|0|3|0|9+2|1}}||3||0{{Efs player|no=11|name=[[Josh Windass]]|pos=MF|nat=ENG|1|0|0|0|0|0|2+2|0}}||2||0{{Efs player|no=18|name=[[Jordan Rossiter]]|pos=MF|nat=ENG|2+2|0|0|0|0+1|0|0|0}}||1||0{{Efs player|no=22|name=[[Greg Docherty]]|pos=MF|nat=SCO|0|0|0|0|0|0|0|0}}||0||0{{Efs player|no=25|name=[[Jak Alnwick]]|pos=GK|nat=ENG|0|0|0|0|0|0|0|0}}||0||0{{Efs player|no=26|name=[[Lee Hodson]]|pos=DF|nat=NIR|0|0|0|0|0|0|0|0}}||0||0{{Efs player|no=28|name=[[Robby McCrorie]]|pos=GK|nat=SCO|0|0|0|0|0|0|0|0}}||0||0{{Efs player|no=29|name=[[Zak Rudden]]|pos=FW|nat=SCO|0|0|0|0|0|0|0|0}}||0||0{{Efs player|no=30|name=[[Kyle Bradley (footballer)|Kyle Bradley]]|pos=DF|nat=SCO|0|0|0|0|0|0|0|0}}||0||0{{Efs player|no=33|name=[[Jamie Barjonas]]|pos=MF|nat=SCO|0|0|0|0|0|0|0|0}}||0||0{{Efs player|no=45|name=[[Serge Atakayi]]|pos=FW|nat=FIN|0+1|0|0|0|0|0|0|0}}||0||0{{Efs player|no=49|name=[[Jordan Houston (footballer)|Jordan Houston]]|pos=DF|nat=SCO|0|0|0+1|0|0|0|0|0}}||0||0{{Efs player|no=−|name=[[Myles Beerman]]|pos=DF|nat=MLT|0|0|0|0|0|0|0|0}}||0||0{{Efs player|no=−|name=[[Jason Holt]]|pos=MF|nat=SCO|0|0|0|0|0|0|0|0}}||0||0{{Efs player|no=−|name=[[Carlos Peña (Mexican footballer)|Carlos Peña]]|pos=MF|nat=MEX|0|0|0|0|0|0|0|0}}||0||0{{Efs player|no=−|name=[[Joe Dodoo]]|pos=FW|nat=GHA|0|0|0|0|0|0|0|0}}||0||0{{Efs player|no=−|name=[[Ryan Hardie]]|pos=FW|nat=SCO|0|0|0|0|0|0|0|0}}||0||0{{Efs player|no=−|name=[[Eduardo Herrera (footballer, born 1988)|Eduardo Herrera]]|pos=FW|nat=MEX|0|0|0|0|0|0|0|0}}||0||0{{fb si footer |u=19 May 2019|c=SCO |ss=2018 |s=|date=June 2018}}Appearances (starts and substitute appearances) and goals include those in Scottish Premiership, League Cup, Scottish Cup, and the UEFA Europa LeagueAs of 19 July 2018{{col-begin}}{{col-3}}{{col-end}}{{col-end}}As of 19 July 2018{{col-begin}}{{col-3}}NameRoleManager {{flagicon|ENG}} Steven GerrardAssistant Manager{{flagicon|SCO}} Gary McAllisterFirst Team Coach{{flagicon|ENG}} Michael Beale Technical Coach{{flagicon|ENG}} Tom CulshawGoalkeeping Coach{{flagicon|SCO}} Colin Stewart Head of Scouting{{flagicon|ENG}} Andy ScouldingClub Scouts{{flagicon|SCO}} John Brown
{{flagicon|SCO}} Billy McLaren
{{flagicon|ENG}} David SwanickScouting Coordinator{{flagicon|ENG}} Rob ClarksonDoctor{{flagicon|ENG}} Dr Mark WallerHead of Performance{{flagicon|ENG}} Jordan MilsomHead of Preparation{{flagicon|SCO}} Craig FlanniganHead of Strength and Conditioning{{flagicon|GRE}} Paraskevas PolychronopoulosPhysiotherapist{{flagicon|ENG}} Steve WalkerMasseur{{flagicon|SCO}} David LaveryKit Executive{{flagicon|SCO}} Jimmy BellNameRoleHonorary Life President{{flagicon|SCO}} John GreigDirector of Football{{flagicon|WAL}} Mark AllenHead of Academy{{flagicon|SCO}} Craig MulhollandClub Ambassadors{{flagicon|SCO}} Richard Gough
{{flagicon|ENG}} Mark Hateley
{{flagicon|SCO}} Derek JohnstoneSupporters Liaison Officer{{flagicon|SCO}} Greg Marshall{{col-end}}As of 21 August 2018{{col-begin}}{{col-3}}NameRoleChairman{{flagicon|SCO}} Dave KingDeputy Chairman{{flagicon|SCO}} Douglas ParkCompany Secretary{{flagicon|SCO}} James BlairNon-Executive Director{{flagicon|SCO}} John BennettNon-Executive Director{{flagicon|SCO}} Alastair JohnstonNon-Executive Director{{flagicon|SCO}} Graeme ParkNon-Executive Director{{flagicon|SCO}} Barry ScottNon-Executive Director{{flagicon|DEN}} Julian Wolhardt{{col-end}}As of 19 July 2018{{col-begin}}{{col-3}}NameRoleManaging Director{{flagicon|SCO}} Stewart RobertsonCompany Secretary{{flagicon|SCO}} James BlairDirector of Finance and Administration{{flagicon|SCO}} Andrew Dickson{{col-end}}{{fb overview2|c=4|c1=[[2018–19 UEFA Europa League|Europa League]] |fm1=12 July 2018 |lm1= 13 December 2018 |sr1=[[2018–19 UEFA Europa League#First qualifying round|1st Round]] |fp1=[[2018–19_UEFA_Europa_League_group_stage#Group_G|Group Stage]]|w1=5 |d1=7 |l1=2 |f1=17 |a1=11|c2=[[2018–19 Scottish Premiership|Premiership]] |fm2=5 August 2018 |lm2=19 May 2019 |sr2=Matchday 1 |fp2=2nd|w2=23 |d2=9 |l2=6 |f2=82 |a2=27|c3=[[2018–19 Scottish League Cup|League Cup]] |fm3=19 August 2018 |lm3=28 October 2018 |sr3=[[2018–19_Scottish_League_Cup#Second_round|2nd Round]] |fp3=[[2018–19_Scottish_League_Cup#Semi-finals|Semi-Final]]|w3=2 |d3=0 |l3=1 |f3=7 |a3=2|c4=[[2018–19 Scottish Cup|Scottish Cup]] |fm4= 31 January 2019 |lm4= 12 March 2019 |sr4=[[2018–19_Scottish_Cup#Fourth_round|4th Round]] |fp4=[[2018–19_Scottish_Cup#Quarter-finals|Quarter-Final]]|w4=2 |d4=2 |l4=1 |f4=9 |a4=4}}{{2018–19 Scottish Premiership table|showteam=RAN}}Last updated 19 May 2019NameFromToPWDLWin%{{refn|group=note|name=percentage|Win% is the percentage of matches won [[Rounding|rounded]] to two [[decimal]] places.}}{{sortname|Steven|Gerrard}}{{dts|format=dmy|2018|06|01}}Present{{WDL|60|32|18|10}}{{col-begin}}{{col-2}}DatePlayerFromFee14 May 2018 {{flagicon|CAN}} Scott Arfield {{flagicon|ENG}} Burnley{{ntsh|0.0}}Free16 May 2018 {{flagicon|SCO}} Allan McGregor {{flagicon|ENG}} Hull City{{ntsh|0.0}}Free18 May 2018 {{flagicon|SCO}} Jamie Murphy {{flagicon|ENG}} Brighton & Hove Albion{{ntsh|0.0}}Undisclosed12 June 2018 {{flagicon|CRO}} Nikola Katić {{flagicon|CRO}} NK Slaven Belupo{{ntsh|0.0}}Undisclosed13 June 2018 {{flagicon|ENG}} Connor Goldson {{flagicon|ENG}} Brighton & Hove Albion{{ntsh|0.0}}Undisclosed21 June 2018 {{flagicon|ENG}} Jon Flanagan {{flagicon|ENG}} Liverpool{{ntsh|0.0}}Free7 August 2018 {{flagicon|CRO}} Borna Barišić {{flagicon|CRO}} NK Osijek{{ntsh|0.0}}£2,200,00022 August 2018 {{flagicon|NIR}} Kyle Lafferty {{flagicon|SCO}} Heart of Midlothian{{ntsh|0.0}}Undisclosed31 August 2018 {{flagicon|ALB}} Eros Grezda {{flagicon|CRO}} NK Osijek{{ntsh|0.0}}Undisclosed3 September 2018 {{flagicon|NIR}} Gareth McAuley {{flagicon|ENG}} West Bromwich Albion{{ntsh|0.0}}Free25 January 2019 {{flagicon|ENG}} Andy Firth {{flagicon|ENG}} Barrow{{ntsh|0.0}}Undisclosed30 January 2019 {{flagicon|USA}} Matt Polster {{flagicon|USA}} Chicago Fire{{ntsh|0.0}}Free31 January 2019 {{flagicon|Finland}} Glen Kamara {{flagicon|SCO}} Dundee{{ntsh|0.0}}Undisclosed{{col-2}}DatePlayerToFee1 June 2018 {{flagicon|SCO}} Kenny Miller {{flagicon|SCO}} Livingston{{ntsh|0.0}}Free1 June 2018 {{flagicon|SCO}} David Bates {{flagicon|GER}} Hamburg{{ntsh|0.0}}Development Fee1 June 2018 {{flagicon|NIR}} Jordan Thompson {{flagicon|ENG}} Blackpool{{ntsh|0.0}}Free8 June 2018 {{flagicon|SCO}} Liam Kelly {{flagicon|SCO}} Livingston{{ntsh|0.0}}Undisclosed16 June 2018 {{flagicon|SCO}} Michael O'Halloran {{flagicon|AUS}} Melbourne City{{ntsh|0.0}}Undisclosed11 July 2018 {{flagicon|POR}} Bruno Alves {{flagicon|ITA}} Parma{{ntsh|0.0}}Free18 July 2018 {{flagicon|ENG}} Harry Forrester {{flagicon|IRN}} Tractor Sazi{{ntsh|0.0}}Free30 July 2018 {{flagicon|POR}} Fábio Cardoso {{flagicon|POR}} Santa Clara{{ntsh|0.0}}Free9 August 2018 {{flagicon|WAL}} Declan John {{flagicon|WAL}} Swansea City{{ntsh|0.0}}Undisclosed9 August 2018 {{flagicon|ENG}} Josh Windass {{flagicon|ENG}} Wigan Athletic{{ntsh|0.0}}£2,500,0005 February 2019 {{flagicon|MEX}} Carlos Peña {{flagicon|POL}} GKS Tychy{{ntsh|0.0}}Free{{col-end}}{{col-begin}}{{col-2}}Start dateEnd datePlayerFromFee7 June 201815 December 2018 {{flagicon|ENG}} Ovie Ejaria {{flagicon|ENG}} Liverpool{{ntsh|0.0}}Loan10 July 201815 December 2018 {{flagicon|NGA}} Umar Sadiq {{flagicon|ITA}} Roma{{ntsh|0.0}}Loan10 July 201830 June 2019 {{flagicon|MLI}} Lassana Coulibaly {{flagicon|FRA}} Angers SCO{{ntsh|0.0}}Loan22 July 201830 June 2019 {{flagicon|ENG}} Ryan Kent {{flagicon|ENG}} Liverpool{{ntsh|0.0}}Loan31 August 201830 June 2019 {{flagicon|ENG}} Joe Worrall {{flagicon|ENG}} Nottingham Forest{{ntsh|0.0}}Loan6 January 201930 June 2020 {{flagicon|ENG}} Jermain Defoe {{flagicon|ENG}} Bournemouth{{ntsh|0.0}}Loan6 January 201930 June 2019 {{flagicon|NIR}} Steven Davis {{flagicon|ENG}} Southampton{{ntsh|0.0}}Loan{{col-2}}Start dateEnd datePlayerToFee7 June 201831 December 2018 {{flagicon|MEX}} Carlos Peña {{flagicon|MEX}} Club Necaxa{{ntsh|0.0}}Loan13 June 201831 May 2019 {{flagicon|GHA}} Joe Dodoo {{flagicon|ENG}} Blackpool{{ntsh|0.0}}Loan18 June 201831 May 2019 {{flagicon|SCO}} Jason Holt {{flagicon|ENG}} Fleetwood Town{{ntsh|0.0}}Loan25 June 20186 January 2019 (Extended to 31 May 2019) {{flagicon|SCO}} Ryan Hardie {{flagicon|SCO}} Livingston{{ntsh|0.0}}Loan16 July 201831 December 2018 {{flagicon|MEX}} Eduardo Herrera {{flagicon|MEX}} Santos Laguna{{ntsh|0.0}}Loan1 August 20186 January 2019 {{flagicon|SCO}} Kieran Wright {{flagicon|SCO}} Raith Rovers{{ntsh|0.0}}Loan3 August 20187 January 2019 {{flagicon|SCO}} Aidan Wilson {{flagicon|SCO}} Forfar Athletic{{ntsh|0.0}}Loan8 August 201831 May 2019 {{flagicon|SCO}} Greg Docherty {{flagicon|ENG}} Shrewsbury Town{{ntsh|0.0}}Loan15 August 20181 January 2019 {{flagicon|SCO}} Jamie Barjonas {{flagicon|ENG}} Bury{{ntsh|0.0}}Loan20 August 201831 May 2019 {{flagicon|NIR}} Lee Hodson {{flagicon|SCO}} St Mirren{{ntsh|0.0}}Loan21 August 20188 January 2019 {{flagicon|MLT}} Myles Beerman {{flagicon|MLT}} Birkirkara{{ntsh|0.0}}Loan24 August 201831 May 2019 {{flagicon|SCO}} Liam Burt {{flagicon|SCO}} Alloa Athletic{{ntsh|0.0}}Loan30 August 20186 January 2019 (Extended to 31 May 2019) {{flagicon|ENG}} Jak Alnwick {{flagicon|ENG}} Scunthorpe United{{ntsh|0.0}}Loan31 August 20186 January 2019 (Extended to 31 May 2019) {{flagicon|SCO}} Zak Rudden {{flagicon|SCO}} Falkirk{{ntsh|0.0}}Loan15 September 20186 January 2019 (Extended to 31 May 2019) {{flagicon|SCO}} Kyle Bradley {{flagicon|SCO}} Annan Athletic{{ntsh|0.0}}Loan8 January 201931 May 2019 {{flagicon|MEX}} Eduardo Herrera {{flagicon|MEX}} Club Necaxa{{ntsh|0.0}}Loan23 January 201931 May 2019 {{flagicon|MLT}} Myles Beerman {{flagicon|MLT}} Gżira United{{ntsh|0.0}}Loan25 January 201931 May 2019 {{flagicon|SCO}} Robby McCrorie {{flagicon|SCO}} Greenock Morton{{ntsh|0.0}}Loan25 January 201931 May 2019 {{flagicon|SCO}} Andrew Dallas {{flagicon|SCO}} Greenock Morton{{ntsh|0.0}}Loan29 January 201931 May 2019 {{flagicon|SCO}} Jamie Barjonas {{flagicon|SCO}} Raith Rovers{{ntsh|0.0}}Loan31 January 201931 May 2019 {{flagicon|ENG}} Jordan Rossiter {{flagicon|ENG}} Bury{{ntsh|0.0}}Loan21 February 201931 May 2019 {{flagicon|SCO}} Jordan Houston {{flagicon|SCO}} Airdrieonians{{ntsh|0.0}}Loan4 April 20191 June 2019 {{flagicon|FIN}} Serge Atakayi {{flagicon|FIN}} SJK{{ntsh|0.0}}Loan{{col-end}}
List of Rangers F.C. seasons{{Reflist|group=""nb""}}{{reflist|group=note}}{{Reflist|30em}}{{Rangers F.C. seasons}}{{Rangers F.C.}}{{2018–19 in Scottish football}}{{DEFAULTSORT:2018-19 Rangers F.C. season}}Category:Rangers F.C. seasonsRangersRangers","Players transferred or loaned out during the season{{Efs player|no= 9|name=[[Umar Sadiq]]|pos=FW|nat=Nigeria|0+1|0|0|0|1+1|0|0+1|0}}||1||0{{Efs player|no=10|name=[[Ovie Ejaria]]|pos=MF|nat=ENG|11+3|1|0|0|3|0|9+2|1}}||3||0{{Efs player|no=11|name=[[Josh Windass]]|pos=MF|nat=ENG|1|0|0|0|0|0|2+2|0}}||2||0{{Efs player|no=18|name=[[Jordan Rossiter]]|pos=MF|nat=ENG|2+2|0|0|0|0+1|0|0|0}}||1||0{{Efs player|no=22|name=[[Greg Docherty]]|pos=MF|nat=SCO|0|0|0|0|0|0|0|0}}||0||0{{Efs player|no=25|name=[[Jak Alnwick]]|pos=GK|nat=ENG|0|0|0|0|0|0|0|0}}||0||0{{Efs player|no=26|name=[[Lee Hodson]]|pos=DF|nat=NIR|0|0|0|0|0|0|0|0}}||0||0{{Efs player|no=28|name=[[Robby McCrorie]]|pos=GK|nat=SCO|0|0|0|0|0|0|0|0}}||0||0{{Efs player|no=29|name=[[Zak Rudden]]|pos=FW|nat=SCO|0|0|0|0|0|0|0|0}}||0||0{{Efs player|no=30|name=[[Kyle Bradley (footballer)|Kyle Bradley]]|pos=DF|nat=SCO|0|0|0|0|0|0|0|0}}||0||0{{Efs player|no=33|name=[[Jamie Barjonas]]|pos=MF|nat=SCO|0|0|0|0|0|0|0|0}}||0||0{{Efs player|no=45|name=[[Serge Atakayi]]|pos=FW|nat=FIN|0+1|0|0|0|0|0|0|0}}||0||0{{Efs player|no=49|name=[[Jordan Houston (footballer)|Jordan Houston]]|pos=DF|nat=SCO|0|0|0+1|0|0|0|0|0}}||0||0{{Efs player|no=−|name=[[Myles Beerman]]|pos=DF|nat=MLT|0|0|0|0|0|0|0|0}}||0||0{{Efs player|no=−|name=[[Jason Holt]]|pos=MF|nat=SCO|0|0|0|0|0|0|0|0}}||0||0{{Efs player|no=−|name=[[Carlos Peña (Mexican footballer)|Carlos Peña]]|pos=MF|nat=MEX|0|0|0|0|0|0|0|0}}||0||0{{Efs player|no=−|name=[[Joe Dodoo]]|pos=FW|nat=GHA|0|0|0|0|0|0|0|0}}||0||0{{Efs player|no=−|name=[[Ryan Hardie]]|pos=FW|nat=SCO|0|0|0|0|0|0|0|0}}||0||0{{Efs player|no=−|name=[[Eduardo Herrera (footballer, born 1988)|Eduardo Herrera]]|pos=FW|nat=MEX|0|0|0|0|0|0|0|0}}||0||0{{fb si footer |u=19 May 2019|c=SCO |ss=2018 |s=|date=June 2018}}Appearances (starts and substitute appearances) and goals include those in Scottish Premiership, League Cup, Scottish Cup, and the UEFA Europa LeagueAs of 19 July 2018{{col-begin}}{{col-3}}{{col-end}}{{col-end}}As of 19 July 2018{{col-begin}}{{col-3}}NameRoleManager {{flagicon|ENG}} Steven GerrardAssistant Manager{{flagicon|SCO}} Gary McAllisterFirst Team Coach{{flagicon|ENG}} Michael Beale Technical Coach{{flagicon|ENG}} Tom CulshawGoalkeeping Coach{{flagicon|SCO}} Colin Stewart Head of Scouting{{flagicon|ENG}} Andy ScouldingClub Scouts{{flagicon|SCO}} John Brown
{{flagicon|SCO}} Billy McLaren
{{flagicon|ENG}} David SwanickScouting Coordinator{{flagicon|ENG}} Rob ClarksonDoctor{{flagicon|ENG}} Dr Mark WallerHead of Performance{{flagicon|ENG}} Jordan MilsomHead of Preparation{{flagicon|SCO}} Craig FlanniganHead of Strength and Conditioning{{flagicon|GRE}} Paraskevas PolychronopoulosPhysiotherapist{{flagicon|ENG}} Steve WalkerMasseur{{flagicon|SCO}} David LaveryKit Executive{{flagicon|SCO}} Jimmy BellNameRoleHonorary Life President{{flagicon|SCO}} John GreigDirector of Football{{flagicon|WAL}} Mark AllenHead of Academy{{flagicon|SCO}} Craig MulhollandClub Ambassadors{{flagicon|SCO}} Richard Gough
{{flagicon|ENG}} Mark Hateley
{{flagicon|SCO}} Derek JohnstoneSupporters Liaison Officer{{flagicon|SCO}} Greg Marshall{{col-end}}As of 21 August 2018{{col-begin}}{{col-3}}NameRoleChairman{{flagicon|SCO}} Dave KingDeputy Chairman{{flagicon|SCO}} Douglas ParkCompany Secretary{{flagicon|SCO}} James BlairNon-Executive Director{{flagicon|SCO}} John BennettNon-Executive Director{{flagicon|SCO}} Alastair JohnstonNon-Executive Director{{flagicon|SCO}} Graeme ParkNon-Executive Director{{flagicon|SCO}} Barry ScottNon-Executive Director{{flagicon|DEN}} Julian Wolhardt{{col-end}}As of 19 July 2018{{col-begin}}{{col-3}}NameRoleManaging Director{{flagicon|SCO}} Stewart RobertsonCompany Secretary{{flagicon|SCO}} James BlairDirector of Finance and Administration{{flagicon|SCO}} Andrew Dickson{{col-end}}{{fb overview2|c=4|c1=[[2018–19 UEFA Europa League|Europa League]] |fm1=12 July 2018 |lm1= 13 December 2018 |sr1=[[2018–19 UEFA Europa League#First qualifying round|1st Round]] |fp1=[[2018–19_UEFA_Europa_League_group_stage#Group_G|Group Stage]]|w1=5 |d1=7 |l1=2 |f1=17 |a1=11|c2=[[2018–19 Scottish Premiership|Premiership]] |fm2=5 August 2018 |lm2=19 May 2019 |sr2=Matchday 1 |fp2=2nd|w2=23 |d2=9 |l2=6 |f2=82 |a2=27|c3=[[2018–19 Scottish League Cup|League Cup]] |fm3=19 August 2018 |lm3=28 October 2018 |sr3=[[2018–19_Scottish_League_Cup#Second_round|2nd Round]] |fp3=[[2018–19_Scottish_League_Cup#Semi-finals|Semi-Final]]|w3=2 |d3=0 |l3=1 |f3=7 |a3=2|c4=[[2018–19 Scottish Cup|Scottish Cup]] |fm4= 31 January 2019 |lm4= 12 March 2019 |sr4=[[2018–19_Scottish_Cup#Fourth_round|4th Round]] |fp4=[[2018–19_Scottish_Cup#Quarter-finals|Quarter-Final]]|w4=2 |d4=2 |l4=1 |f4=9 |a4=4}}{{2018–19 Scottish Premiership table|showteam=RAN}}Last updated 19 May 2019NameFromToPWDLWin%{{refn|group=note|name=percentage|Win% is the percentage of matches won [[Rounding|rounded]] to two [[decimal]] places.}}{{sortname|Steven|Gerrard}}{{dts|format=dmy|2018|06|01}}Present{{WDL|60|32|18|10}}{{col-begin}}{{col-2}}DatePlayerFromFee14 May 2018 {{flagicon|CAN}} Scott Arfield {{flagicon|ENG}} Burnley{{ntsh|0.0}}Free16 May 2018 {{flagicon|SCO}} Allan McGregor {{flagicon|ENG}} Hull City{{ntsh|0.0}}Free18 May 2018 {{flagicon|SCO}} Jamie Murphy {{flagicon|ENG}} Brighton & Hove Albion{{ntsh|0.0}}Undisclosed12 June 2018 {{flagicon|CRO}} Nikola Katić {{flagicon|CRO}} NK Slaven Belupo{{ntsh|0.0}}Undisclosed13 June 2018 {{flagicon|ENG}} Connor Goldson {{flagicon|ENG}} Brighton & Hove Albion{{ntsh|0.0}}Undisclosed21 June 2018 {{flagicon|ENG}} Jon Flanagan {{flagicon|ENG}} Liverpool{{ntsh|0.0}}Free7 August 2018 {{flagicon|CRO}} Borna Barišić {{flagicon|CRO}} NK Osijek{{ntsh|0.0}}£2,200,00022 August 2018 {{flagicon|NIR}} Kyle Lafferty {{flagicon|SCO}} Heart of Midlothian{{ntsh|0.0}}Undisclosed31 August 2018 {{flagicon|ALB}} Eros Grezda {{flagicon|CRO}} NK Osijek{{ntsh|0.0}}Undisclosed3 September 2018 {{flagicon|NIR}} Gareth McAuley {{flagicon|ENG}} West Bromwich Albion{{ntsh|0.0}}Free25 January 2019 {{flagicon|ENG}} Andy Firth {{flagicon|ENG}} Barrow{{ntsh|0.0}}Undisclosed30 January 2019 {{flagicon|USA}} Matt Polster {{flagicon|USA}} Chicago Fire{{ntsh|0.0}}Free31 January 2019 {{flagicon|Finland}} Glen Kamara {{flagicon|SCO}} Dundee{{ntsh|0.0}}Undisclosed{{col-2}}DatePlayerToFee1 June 2018 {{flagicon|SCO}} Kenny Miller {{flagicon|SCO}} Livingston{{ntsh|0.0}}Free1 June 2018 {{flagicon|SCO}} David Bates {{flagicon|GER}} Hamburg{{ntsh|0.0}}Development Fee1 June 2018 {{flagicon|NIR}} Jordan Thompson {{flagicon|ENG}} Blackpool{{ntsh|0.0}}Free8 June 2018 {{flagicon|SCO}} Liam Kelly {{flagicon|SCO}} Livingston{{ntsh|0.0}}Undisclosed16 June 2018 {{flagicon|SCO}} Michael O'Halloran {{flagicon|AUS}} Melbourne City{{ntsh|0.0}}Undisclosed11 July 2018 {{flagicon|POR}} Bruno Alves {{flagicon|ITA}} Parma{{ntsh|0.0}}Free18 July 2018 {{flagicon|ENG}} Harry Forrester {{flagicon|IRN}} Tractor Sazi{{ntsh|0.0}}Free30 July 2018 {{flagicon|POR}} Fábio Cardoso {{flagicon|POR}} Santa Clara{{ntsh|0.0}}Free9 August 2018 {{flagicon|WAL}} Declan John {{flagicon|WAL}} Swansea City{{ntsh|0.0}}Undisclosed9 August 2018 {{flagicon|ENG}} Josh Windass {{flagicon|ENG}} Wigan Athletic{{ntsh|0.0}}£2,500,0005 February 2019 {{flagicon|MEX}} Carlos Peña {{flagicon|POL}} GKS Tychy{{ntsh|0.0}}Free{{col-end}}{{col-begin}}{{col-2}}Start dateEnd datePlayerFromFee7 June 201815 December 2018 {{flagicon|ENG}} Ovie Ejaria {{flagicon|ENG}} Liverpool{{ntsh|0.0}}Loan10 July 201815 December 2018 {{flagicon|NGA}} Umar Sadiq {{flagicon|ITA}} Roma{{ntsh|0.0}}Loan10 July 201830 June 2019 {{flagicon|MLI}} Lassana Coulibaly {{flagicon|FRA}} Angers SCO{{ntsh|0.0}}Loan22 July 201830 June 2019 {{flagicon|ENG}} Ryan Kent {{flagicon|ENG}} Liverpool{{ntsh|0.0}}Loan31 August 201830 June 2019 {{flagicon|ENG}} Joe Worrall {{flagicon|ENG}} Nottingham Forest{{ntsh|0.0}}Loan6 January 201930 June 2020 {{flagicon|ENG}} Jermain Defoe {{flagicon|ENG}} Bournemouth{{ntsh|0.0}}Loan6 January 201930 June 2019 {{flagicon|NIR}} Steven Davis {{flagicon|ENG}} Southampton{{ntsh|0.0}}Loan{{col-2}}Start dateEnd datePlayerToFee7 June 201831 December 2018 {{flagicon|MEX}} Carlos Peña {{flagicon|MEX}} Club Necaxa{{ntsh|0.0}}Loan13 June 201831 May 2019 {{flagicon|GHA}} Joe Dodoo {{flagicon|ENG}} Blackpool{{ntsh|0.0}}Loan18 June 201831 May 2019 {{flagicon|SCO}} Jason Holt {{flagicon|ENG}} Fleetwood Town{{ntsh|0.0}}Loan25 June 20186 January 2019 (Extended to 31 May 2019) {{flagicon|SCO}} Ryan Hardie {{flagicon|SCO}} Livingston{{ntsh|0.0}}Loan16 July 201831 December 2018 {{flagicon|MEX}} Eduardo Herrera {{flagicon|MEX}} Santos Laguna{{ntsh|0.0}}Loan1 August 20186 January 2019 {{flagicon|SCO}} Kieran Wright {{flagicon|SCO}} Raith Rovers{{ntsh|0.0}}Loan3 August 20187 January 2019 {{flagicon|SCO}} Aidan Wilson {{flagicon|SCO}} Forfar Athletic{{ntsh|0.0}}Loan8 August 201831 May 2019 {{flagicon|SCO}} Greg Docherty {{flagicon|ENG}} Shrewsbury Town{{ntsh|0.0}}Loan15 August 20181 January 2019 {{flagicon|SCO}} Jamie Barjonas {{flagicon|ENG}} Bury{{ntsh|0.0}}Loan20 August 201831 May 2019 {{flagicon|NIR}} Lee Hodson {{flagicon|SCO}} St Mirren{{ntsh|0.0}}Loan21 August 20188 January 2019 {{flagicon|MLT}} Myles Beerman {{flagicon|MLT}} Birkirkara{{ntsh|0.0}}Loan24 August 201831 May 2019 {{flagicon|SCO}} Liam Burt {{flagicon|SCO}} Alloa Athletic{{ntsh|0.0}}Loan30 August 20186 January 2019 (Extended to 31 May 2019) {{flagicon|ENG}} Jak Alnwick {{flagicon|ENG}} Scunthorpe United{{ntsh|0.0}}Loan31 August 20186 January 2019 (Extended to 31 May 2019) {{flagicon|SCO}} Zak Rudden {{flagicon|SCO}} Falkirk{{ntsh|0.0}}Loan15 September 20186 January 2019 (Extended to 31 May 2019) {{flagicon|SCO}} Kyle Bradley {{flagicon|SCO}} Annan Athletic{{ntsh|0.0}}Loan8 January 201931 May 2019 {{flagicon|MEX}} Eduardo Herrera {{flagicon|MEX}} Club Necaxa{{ntsh|0.0}}Loan23 January 201931 May 2019 {{flagicon|MLT}} Myles Beerman {{flagicon|MLT}} Gżira United{{ntsh|0.0}}Loan25 January 201931 May 2019 {{flagicon|SCO}} Robby McCrorie {{flagicon|SCO}} Greenock Morton{{ntsh|0.0}}Loan25 January 201931 May 2019 {{flagicon|SCO}} Andrew Dallas {{flagicon|SCO}} Greenock Morton{{ntsh|0.0}}Loan29 January 201931 May 2019 {{flagicon|SCO}} Jamie Barjonas {{flagicon|SCO}} Raith Rovers{{ntsh|0.0}}Loan31 January 201931 May 2019 {{flagicon|ENG}} Jordan Rossiter {{flagicon|ENG}} Bury{{ntsh|0.0}}Loan21 February 201931 May 2019 {{flagicon|SCO}} Jordan Houston {{flagicon|SCO}} Airdrieonians{{ntsh|0.0}}Loan4 April 20191 June 2019 {{flagicon|FIN}} Serge Atakayi {{flagicon|FIN}} SJK{{ntsh|0.0}}Loan{{col-end}}
List of Rangers F.C. seasons{{Reflist|group=""nb""}}{{reflist|group=note}}{{Reflist|30em}}{{Rangers F.C. seasons}}{{Rangers F.C.}}{{2018–19 in Scottish football}}{{DEFAULTSORT:2018-19 Rangers F.C. season}}Category:Rangers F.C. seasonsRangersRangers","Players transferred or loaned out during the season{{Efs player|no= 9|name=[[Umar Sadiq]]|pos=FW|nat=Nigeria|0+1|0|0|0|1+1|0|0+1|0}}||1||0{{Efs player|no=10|name=[[Ovie Ejaria]]|pos=MF|nat=ENG|11+3|1|0|0|3|0|9+2|1}}||3||0{{Efs player|no=11|name=[[Josh Windass]]|pos=MF|nat=ENG|1|0|0|0|0|0|2+2|0}}||2||0{{Efs player|no=18|name=[[Jordan Rossiter]]|pos=MF|nat=ENG|2+2|0|0|0|0+1|0|0|0}}||1||0{{Efs player|no=22|name=[[Greg Docherty]]|pos=MF|nat=SCO|0|0|0|0|0|0|0|0}}||0||0{{Efs player|no=25|name=[[Jak Alnwick]]|pos=GK|nat=ENG|0|0|0|0|0|0|0|0}}||0||0{{Efs player|no=26|name=[[Lee Hodson]]|pos=DF|nat=NIR|0|0|0|0|0|0|0|0}}||0||0{{Efs player|no=28|name=[[Robby McCrorie]]|pos=GK|nat=SCO|0|0|0|0|0|0|0|0}}||0||0{{Efs player|no=29|name=[[Zak Rudden]]|pos=FW|nat=SCO|0|0|0|0|0|0|0|0}}||0||0{{Efs player|no=30|name=[[Kyle Bradley (footballer)|Kyle Bradley]]|pos=DF|nat=SCO|0|0|0|0|0|0|0|0}}||0||0{{Efs player|no=33|name=[[Jamie Barjonas]]|pos=MF|nat=SCO|0|0|0|0|0|0|0|0}}||0||0{{Efs player|no=45|name=[[Serge Atakayi]]|pos=FW|nat=FIN|0+1|0|0|0|0|0|0|0}}||0||0{{Efs player|no=49|name=[[Jordan Houston (footballer)|Jordan Houston]]|pos=DF|nat=SCO|0|0|0+1|0|0|0|0|0}}||0||0{{Efs player|no=−|name=[[Myles Beerman]]|pos=DF|nat=MLT|0|0|0|0|0|0|0|0}}||0||0{{Efs player|no=−|name=[[Jason Holt]]|pos=MF|nat=SCO|0|0|0|0|0|0|0|0}}||0||0{{Efs player|no=−|name=[[Carlos Peña (Mexican footballer)|Carlos Peña]]|pos=MF|nat=MEX|0|0|0|0|0|0|0|0}}||0||0{{Efs player|no=−|name=[[Joe Dodoo]]|pos=FW|nat=GHA|0|0|0|0|0|0|0|0}}||0||0{{Efs player|no=−|name=[[Ryan Hardie]]|pos=FW|nat=SCO|0|0|0|0|0|0|0|0}}||0||0{{Efs player|no=−|name=[[Eduardo Herrera (footballer, born 1988)|Eduardo Herrera]]|pos=FW|nat=MEX|0|0|0|0|0|0|0|0}}||0||0{{fb si footer |u=19 May 2019|c=SCO |ss=2018 |s=|date=June 2018}}Appearances (starts and substitute appearances) and goals include those in Scottish Premiership, League Cup, Scottish Cup, and the UEFA Europa LeagueAs of 19 July 2018{{col-begin}}{{col-3}}{{col-end}}{{col-end}}As of 19 July 2018{{col-begin}}{{col-3}}NameRoleManager {{flagicon|ENG}} Steven GerrardAssistant Manager{{flagicon|SCO}} Gary McAllisterFirst Team Coach{{flagicon|ENG}} Michael Beale Technical Coach{{flagicon|ENG}} Tom CulshawGoalkeeping Coach{{flagicon|SCO}} Colin Stewart Head of Scouting{{flagicon|ENG}} Andy ScouldingClub Scouts{{flagicon|SCO}} John Brown
{{flagicon|SCO}} Billy McLaren
{{flagicon|ENG}} David SwanickScouting Coordinator{{flagicon|ENG}} Rob ClarksonDoctor{{flagicon|ENG}} Dr Mark WallerHead of Performance{{flagicon|ENG}} Jordan MilsomHead of Preparation{{flagicon|SCO}} Craig FlanniganHead of Strength and Conditioning{{flagicon|GRE}} Paraskevas PolychronopoulosPhysiotherapist{{flagicon|ENG}} Steve WalkerMasseur{{flagicon|SCO}} David LaveryKit Executive{{flagicon|SCO}} Jimmy BellNameRoleHonorary Life President{{flagicon|SCO}} John GreigDirector of Football{{flagicon|WAL}} Mark AllenHead of Academy{{flagicon|SCO}} Craig MulhollandClub Ambassadors{{flagicon|SCO}} Richard Gough
{{flagicon|ENG}} Mark Hateley
{{flagicon|SCO}} Derek JohnstoneSupporters Liaison Officer{{flagicon|SCO}} Greg Marshall{{col-end}}As of 21 August 2018{{col-begin}}{{col-3}}NameRoleChairman{{flagicon|SCO}} Dave KingDeputy Chairman{{flagicon|SCO}} Douglas ParkCompany Secretary{{flagicon|SCO}} James BlairNon-Executive Director{{flagicon|SCO}} John BennettNon-Executive Director{{flagicon|SCO}} Alastair JohnstonNon-Executive Director{{flagicon|SCO}} Graeme ParkNon-Executive Director{{flagicon|SCO}} Barry ScottNon-Executive Director{{flagicon|DEN}} Julian Wolhardt{{col-end}}As of 19 July 2018{{col-begin}}{{col-3}}NameRoleManaging Director{{flagicon|SCO}} Stewart RobertsonCompany Secretary{{flagicon|SCO}} James BlairDirector of Finance and Administration{{flagicon|SCO}} Andrew Dickson{{col-end}}{{fb overview2|c=4|c1=[[2018–19 UEFA Europa League|Europa League]] |fm1=12 July 2018 |lm1= 13 December 2018 |sr1=[[2018–19 UEFA Europa League#First qualifying round|1st Round]] |fp1=[[2018–19_UEFA_Europa_League_group_stage#Group_G|Group Stage]]|w1=5 |d1=7 |l1=2 |f1=17 |a1=11|c2=[[2018–19 Scottish Premiership|Premiership]] |fm2=5 August 2018 |lm2=19 May 2019 |sr2=Matchday 1 |fp2=2nd|w2=23 |d2=9 |l2=6 |f2=82 |a2=27|c3=[[2018–19 Scottish League Cup|League Cup]] |fm3=19 August 2018 |lm3=28 October 2018 |sr3=[[2018–19_Scottish_League_Cup#Second_round|2nd Round]] |fp3=[[2018–19_Scottish_League_Cup#Semi-finals|Semi-Final]]|w3=2 |d3=0 |l3=1 |f3=7 |a3=2|c4=[[2018–19 Scottish Cup|Scottish Cup]] |fm4= 31 January 2019 |lm4= 12 March 2019 |sr4=[[2018–19_Scottish_Cup#Fourth_round|4th Round]] |fp4=[[2018–19_Scottish_Cup#Quarter-finals|Quarter-Final]]|w4=2 |d4=2 |l4=1 |f4=9 |a4=4}}{{2018–19 Scottish Premiership table|showteam=RAN}}Last updated 19 May 2019NameFromToPWDLWin%{{refn|group=note|name=percentage|Win% is the percentage of matches won [[Rounding|rounded]] to two [[decimal]] places.}}{{sortname|Steven|Gerrard}}{{dts|format=dmy|2018|06|01}}Present{{WDL|60|32|18|10}}{{col-begin}}{{col-2}}DatePlayerFromFee14 May 2018 {{flagicon|CAN}} Scott Arfield {{flagicon|ENG}} Burnley{{ntsh|0.0}}Free16 May 2018 {{flagicon|SCO}} Allan McGregor {{flagicon|ENG}} Hull City{{ntsh|0.0}}Free18 May 2018 {{flagicon|SCO}} Jamie Murphy {{flagicon|ENG}} Brighton & Hove Albion{{ntsh|0.0}}Undisclosed12 June 2018 {{flagicon|CRO}} Nikola Katić {{flagicon|CRO}} NK Slaven Belupo{{ntsh|0.0}}Undisclosed13 June 2018 {{flagicon|ENG}} Connor Goldson {{flagicon|ENG}} Brighton & Hove Albion{{ntsh|0.0}}Undisclosed21 June 2018 {{flagicon|ENG}} Jon Flanagan {{flagicon|ENG}} Liverpool{{ntsh|0.0}}Free7 August 2018 {{flagicon|CRO}} Borna Barišić {{flagicon|CRO}} NK Osijek{{ntsh|0.0}}£2,200,00022 August 2018 {{flagicon|NIR}} Kyle Lafferty {{flagicon|SCO}} Heart of Midlothian{{ntsh|0.0}}Undisclosed31 August 2018 {{flagicon|ALB}} Eros Grezda {{flagicon|CRO}} NK Osijek{{ntsh|0.0}}Undisclosed3 September 2018 {{flagicon|NIR}} Gareth McAuley {{flagicon|ENG}} West Bromwich Albion{{ntsh|0.0}}Free25 January 2019 {{flagicon|ENG}} Andy Firth {{flagicon|ENG}} Barrow{{ntsh|0.0}}Undisclosed30 January 2019 {{flagicon|USA}} Matt Polster {{flagicon|USA}} Chicago Fire{{ntsh|0.0}}Free31 January 2019 {{flagicon|Finland}} Glen Kamara {{flagicon|SCO}} Dundee{{ntsh|0.0}}Undisclosed{{col-2}}DatePlayerToFee1 June 2018 {{flagicon|SCO}} Kenny Miller {{flagicon|SCO}} Livingston{{ntsh|0.0}}Free1 June 2018 {{flagicon|SCO}} David Bates {{flagicon|GER}} Hamburg{{ntsh|0.0}}Development Fee1 June 2018 {{flagicon|NIR}} Jordan Thompson {{flagicon|ENG}} Blackpool{{ntsh|0.0}}Free8 June 2018 {{flagicon|SCO}} Liam Kelly {{flagicon|SCO}} Livingston{{ntsh|0.0}}Undisclosed16 June 2018 {{flagicon|SCO}} Michael O'Halloran {{flagicon|AUS}} Melbourne City{{ntsh|0.0}}Undisclosed11 July 2018 {{flagicon|POR}} Bruno Alves {{flagicon|ITA}} Parma{{ntsh|0.0}}Free18 July 2018 {{flagicon|ENG}} Harry Forrester {{flagicon|IRN}} Tractor Sazi{{ntsh|0.0}}Free30 July 2018 {{flagicon|POR}} Fábio Cardoso {{flagicon|POR}} Santa Clara{{ntsh|0.0}}Free9 August 2018 {{flagicon|WAL}} Declan John {{flagicon|WAL}} Swansea City{{ntsh|0.0}}Undisclosed9 August 2018 {{flagicon|ENG}} Josh Windass {{flagicon|ENG}} Wigan Athletic{{ntsh|0.0}}£2,500,0005 February 2019 {{flagicon|MEX}} Carlos Peña {{flagicon|POL}} GKS Tychy{{ntsh|0.0}}Free{{col-end}}{{col-begin}}{{col-2}}Start dateEnd datePlayerFromFee7 June 201815 December 2018 {{flagicon|ENG}} Ovie Ejaria {{flagicon|ENG}} Liverpool{{ntsh|0.0}}Loan10 July 201815 December 2018 {{flagicon|NGA}} Umar Sadiq {{flagicon|ITA}} Roma{{ntsh|0.0}}Loan10 July 201830 June 2019 {{flagicon|MLI}} Lassana Coulibaly {{flagicon|FRA}} Angers SCO{{ntsh|0.0}}Loan22 July 201830 June 2019 {{flagicon|ENG}} Ryan Kent {{flagicon|ENG}} Liverpool{{ntsh|0.0}}Loan31 August 201830 June 2019 {{flagicon|ENG}} Joe Worrall {{flagicon|ENG}} Nottingham Forest{{ntsh|0.0}}Loan6 January 201930 June 2020 {{flagicon|ENG}} Jermain Defoe {{flagicon|ENG}} Bournemouth{{ntsh|0.0}}Loan6 January 201930 June 2019 {{flagicon|NIR}} Steven Davis {{flagicon|ENG}} Southampton{{ntsh|0.0}}Loan{{col-2}}Start dateEnd datePlayerToFee7 June 201831 December 2018 {{flagicon|MEX}} Carlos Peña {{flagicon|MEX}} Club Necaxa{{ntsh|0.0}}Loan13 June 201831 May 2019 {{flagicon|GHA}} Joe Dodoo {{flagicon|ENG}} Blackpool{{ntsh|0.0}}Loan18 June 201831 May 2019 {{flagicon|SCO}} Jason Holt {{flagicon|ENG}} Fleetwood Town{{ntsh|0.0}}Loan25 June 20186 January 2019 (Extended to 31 May 2019) {{flagicon|SCO}} Ryan Hardie {{flagicon|SCO}} Livingston{{ntsh|0.0}}Loan16 July 201831 December 2018 {{flagicon|MEX}} Eduardo Herrera {{flagicon|MEX}} Santos Laguna{{ntsh|0.0}}Loan1 August 20186 January 2019 {{flagicon|SCO}} Kieran Wright {{flagicon|SCO}} Raith Rovers{{ntsh|0.0}}Loan3 August 20187 January 2019 {{flagicon|SCO}} Aidan Wilson {{flagicon|SCO}} Forfar Athletic{{ntsh|0.0}}Loan8 August 201831 May 2019 {{flagicon|SCO}} Greg Docherty {{flagicon|ENG}} Shrewsbury Town{{ntsh|0.0}}Loan15 August 20181 January 2019 {{flagicon|SCO}} Jamie Barjonas {{flagicon|ENG}} Bury{{ntsh|0.0}}Loan20 August 201831 May 2019 {{flagicon|NIR}} Lee Hodson {{flagicon|SCO}} St Mirren{{ntsh|0.0}}Loan21 August 20188 January 2019 {{flagicon|MLT}} Myles Beerman {{flagicon|MLT}} Birkirkara{{ntsh|0.0}}Loan24 August 201831 May 2019 {{flagicon|SCO}} Liam Burt {{flagicon|SCO}} Alloa Athletic{{ntsh|0.0}}Loan30 August 20186 January 2019 (Extended to 31 May 2019) {{flagicon|ENG}} Jak Alnwick {{flagicon|ENG}} Scunthorpe United{{ntsh|0.0}}Loan31 August 20186 January 2019 (Extended to 31 May 2019) {{flagicon|SCO}} Zak Rudden {{flagicon|SCO}} Falkirk{{ntsh|0.0}}Loan15 September 20186 January 2019 (Extended to 31 May 2019) {{flagicon|SCO}} Kyle Bradley {{flagicon|SCO}} Annan Athletic{{ntsh|0.0}}Loan8 January 201931 May 2019 {{flagicon|MEX}} Eduardo Herrera {{flagicon|MEX}} Club Necaxa{{ntsh|0.0}}Loan23 January 201931 May 2019 {{flagicon|MLT}} Myles Beerman {{flagicon|MLT}} Gżira United{{ntsh|0.0}}Loan25 January 201931 May 2019 {{flagicon|SCO}} Robby McCrorie {{flagicon|SCO}} Greenock Morton{{ntsh|0.0}}Loan25 January 201931 May 2019 {{flagicon|SCO}} Andrew Dallas {{flagicon|SCO}} Greenock Morton{{ntsh|0.0}}Loan29 January 201931 May 2019 {{flagicon|SCO}} Jamie Barjonas {{flagicon|SCO}} Raith Rovers{{ntsh|0.0}}Loan31 January 201931 May 2019 {{flagicon|ENG}} Jordan Rossiter {{flagicon|ENG}} Bury{{ntsh|0.0}}Loan21 February 201931 May 2019 {{flagicon|SCO}} Jordan Houston {{flagicon|SCO}} Airdrieonians{{ntsh|0.0}}Loan4 April 20191 June 2019 {{flagicon|FIN}} Serge Atakayi {{flagicon|FIN}} SJK{{ntsh|0.0}}Loan{{col-end}}
List of Rangers F.C. seasons{{Reflist|group=""nb""}}{{reflist|group=note}}{{Reflist|30em}}{{Rangers F.C. seasons}}{{Rangers F.C.}}{{2018–19 in Scottish football}}{{DEFAULTSORT:2018-19 Rangers F.C. season}}Category:Rangers F.C. seasonsRangersRangers","Players transferred or loaned out during the season{{Efs player|no= 9|name=[[Umar Sadiq]]|pos=FW|nat=Nigeria|0+1|0|0|0|1+1|0|0+1|0}}||1||0{{Efs player|no=10|name=[[Ovie Ejaria]]|pos=MF|nat=ENG|11+3|1|0|0|3|0|9+2|1}}||3||0{{Efs player|no=11|name=[[Josh Windass]]|pos=MF|nat=ENG|1|0|0|0|0|0|2+2|0}}||2||0{{Efs player|no=18|name=[[Jordan Rossiter]]|pos=MF|nat=ENG|2+2|0|0|0|0+1|0|0|0}}||1||0{{Efs player|no=22|name=[[Greg Docherty]]|pos=MF|nat=SCO|0|0|0|0|0|0|0|0}}||0||0{{Efs player|no=25|name=[[Jak Alnwick]]|pos=GK|nat=ENG|0|0|0|0|0|0|0|0}}||0||0{{Efs player|no=26|name=[[Lee Hodson]]|pos=DF|nat=NIR|0|0|0|0|0|0|0|0}}||0||0{{Efs player|no=28|name=[[Robby McCrorie]]|pos=GK|nat=SCO|0|0|0|0|0|0|0|0}}||0||0{{Efs player|no=29|name=[[Zak Rudden]]|pos=FW|nat=SCO|0|0|0|0|0|0|0|0}}||0||0{{Efs player|no=30|name=[[Kyle Bradley (footballer)|Kyle Bradley]]|pos=DF|nat=SCO|0|0|0|0|0|0|0|0}}||0||0{{Efs player|no=33|name=[[Jamie Barjonas]]|pos=MF|nat=SCO|0|0|0|0|0|0|0|0}}||0||0{{Efs player|no=45|name=[[Serge Atakayi]]|pos=FW|nat=FIN|0+1|0|0|0|0|0|0|0}}||0||0{{Efs player|no=49|name=[[Jordan Houston (footballer)|Jordan Houston]]|pos=DF|nat=SCO|0|0|0+1|0|0|0|0|0}}||0||0{{Efs player|no=−|name=[[Myles Beerman]]|pos=DF|nat=MLT|0|0|0|0|0|0|0|0}}||0||0{{Efs player|no=−|name=[[Jason Holt]]|pos=MF|nat=SCO|0|0|0|0|0|0|0|0}}||0||0{{Efs player|no=−|name=[[Carlos Peña (Mexican footballer)|Carlos Peña]]|pos=MF|nat=MEX|0|0|0|0|0|0|0|0}}||0||0{{Efs player|no=−|name=[[Joe Dodoo]]|pos=FW|nat=GHA|0|0|0|0|0|0|0|0}}||0||0{{Efs player|no=−|name=[[Ryan Hardie]]|pos=FW|nat=SCO|0|0|0|0|0|0|0|0}}||0||0{{Efs player|no=−|name=[[Eduardo Herrera (footballer, born 1988)|Eduardo Herrera]]|pos=FW|nat=MEX|0|0|0|0|0|0|0|0}}||0||0{{fb si footer |u=19 May 2019|c=SCO |ss=2018 |s=|date=June 2018}}Appearances (starts and substitute appearances) and goals include those in Scottish Premiership, League Cup, Scottish Cup, and the UEFA Europa LeagueAs of 19 July 2018{{col-begin}}{{col-3}}{{col-end}}{{col-end}}As of 19 July 2018{{col-begin}}{{col-3}}NameRoleManager {{flagicon|ENG}} Steven GerrardAssistant Manager{{flagicon|SCO}} Gary McAllisterFirst Team Coach{{flagicon|ENG}} Michael Beale Technical Coach{{flagicon|ENG}} Tom CulshawGoalkeeping Coach{{flagicon|SCO}} Colin Stewart Head of Scouting{{flagicon|ENG}} Andy ScouldingClub Scouts{{flagicon|SCO}} John Brown
{{flagicon|SCO}} Billy McLaren
{{flagicon|ENG}} David SwanickScouting Coordinator{{flagicon|ENG}} Rob ClarksonDoctor{{flagicon|ENG}} Dr Mark WallerHead of Performance{{flagicon|ENG}} Jordan MilsomHead of Preparation{{flagicon|SCO}} Craig FlanniganHead of Strength and Conditioning{{flagicon|GRE}} Paraskevas PolychronopoulosPhysiotherapist{{flagicon|ENG}} Steve WalkerMasseur{{flagicon|SCO}} David LaveryKit Executive{{flagicon|SCO}} Jimmy BellNameRoleHonorary Life President{{flagicon|SCO}} John GreigDirector of Football{{flagicon|WAL}} Mark AllenHead of Academy{{flagicon|SCO}} Craig MulhollandClub Ambassadors{{flagicon|SCO}} Richard Gough
{{flagicon|ENG}} Mark Hateley
{{flagicon|SCO}} Derek JohnstoneSupporters Liaison Officer{{flagicon|SCO}} Greg Marshall{{col-end}}As of 21 August 2018{{col-begin}}{{col-3}}NameRoleChairman{{flagicon|SCO}} Dave KingDeputy Chairman{{flagicon|SCO}} Douglas ParkCompany Secretary{{flagicon|SCO}} James BlairNon-Executive Director{{flagicon|SCO}} John BennettNon-Executive Director{{flagicon|SCO}} Alastair JohnstonNon-Executive Director{{flagicon|SCO}} Graeme ParkNon-Executive Director{{flagicon|SCO}} Barry ScottNon-Executive Director{{flagicon|DEN}} Julian Wolhardt{{col-end}}As of 19 July 2018{{col-begin}}{{col-3}}NameRoleManaging Director{{flagicon|SCO}} Stewart RobertsonCompany Secretary{{flagicon|SCO}} James BlairDirector of Finance and Administration{{flagicon|SCO}} Andrew Dickson{{col-end}}{{fb overview2|c=4|c1=[[2018–19 UEFA Europa League|Europa League]] |fm1=12 July 2018 |lm1= 13 December 2018 |sr1=[[2018–19 UEFA Europa League#First qualifying round|1st Round]] |fp1=[[2018–19_UEFA_Europa_League_group_stage#Group_G|Group Stage]]|w1=5 |d1=7 |l1=2 |f1=17 |a1=11|c2=[[2018–19 Scottish Premiership|Premiership]] |fm2=5 August 2018 |lm2=19 May 2019 |sr2=Matchday 1 |fp2=2nd|w2=23 |d2=9 |l2=6 |f2=82 |a2=27|c3=[[2018–19 Scottish League Cup|League Cup]] |fm3=19 August 2018 |lm3=28 October 2018 |sr3=[[2018–19_Scottish_League_Cup#Second_round|2nd Round]] |fp3=[[2018–19_Scottish_League_Cup#Semi-finals|Semi-Final]]|w3=2 |d3=0 |l3=1 |f3=7 |a3=2|c4=[[2018–19 Scottish Cup|Scottish Cup]] |fm4= 31 January 2019 |lm4= 12 March 2019 |sr4=[[2018–19_Scottish_Cup#Fourth_round|4th Round]] |fp4=[[2018–19_Scottish_Cup#Quarter-finals|Quarter-Final]]|w4=2 |d4=2 |l4=1 |f4=9 |a4=4}}{{2018–19 Scottish Premiership table|showteam=RAN}}Last updated 19 May 2019NameFromToPWDLWin%{{refn|group=note|name=percentage|Win% is the percentage of matches won [[Rounding|rounded]] to two [[decimal]] places.}}{{sortname|Steven|Gerrard}}{{dts|format=dmy|2018|06|01}}Present{{WDL|60|32|18|10}}{{col-begin}}{{col-2}}DatePlayerFromFee14 May 2018 {{flagicon|CAN}} Scott Arfield {{flagicon|ENG}} Burnley{{ntsh|0.0}}Free16 May 2018 {{flagicon|SCO}} Allan McGregor {{flagicon|ENG}} Hull City{{ntsh|0.0}}Free18 May 2018 {{flagicon|SCO}} Jamie Murphy {{flagicon|ENG}} Brighton & Hove Albion{{ntsh|0.0}}Undisclosed12 June 2018 {{flagicon|CRO}} Nikola Katić {{flagicon|CRO}} NK Slaven Belupo{{ntsh|0.0}}Undisclosed13 June 2018 {{flagicon|ENG}} Connor Goldson {{flagicon|ENG}} Brighton & Hove Albion{{ntsh|0.0}}Undisclosed21 June 2018 {{flagicon|ENG}} Jon Flanagan {{flagicon|ENG}} Liverpool{{ntsh|0.0}}Free7 August 2018 {{flagicon|CRO}} Borna Barišić {{flagicon|CRO}} NK Osijek{{ntsh|0.0}}£2,200,00022 August 2018 {{flagicon|NIR}} Kyle Lafferty {{flagicon|SCO}} Heart of Midlothian{{ntsh|0.0}}Undisclosed31 August 2018 {{flagicon|ALB}} Eros Grezda {{flagicon|CRO}} NK Osijek{{ntsh|0.0}}Undisclosed3 September 2018 {{flagicon|NIR}} Gareth McAuley {{flagicon|ENG}} West Bromwich Albion{{ntsh|0.0}}Free25 January 2019 {{flagicon|ENG}} Andy Firth {{flagicon|ENG}} Barrow{{ntsh|0.0}}Undisclosed30 January 2019 {{flagicon|USA}} Matt Polster {{flagicon|USA}} Chicago Fire{{ntsh|0.0}}Free31 January 2019 {{flagicon|Finland}} Glen Kamara {{flagicon|SCO}} Dundee{{ntsh|0.0}}Undisclosed{{col-2}}DatePlayerToFee1 June 2018 {{flagicon|SCO}} Kenny Miller {{flagicon|SCO}} Livingston{{ntsh|0.0}}Free1 June 2018 {{flagicon|SCO}} David Bates {{flagicon|GER}} Hamburg{{ntsh|0.0}}Development Fee1 June 2018 {{flagicon|NIR}} Jordan Thompson {{flagicon|ENG}} Blackpool{{ntsh|0.0}}Free8 June 2018 {{flagicon|SCO}} Liam Kelly {{flagicon|SCO}} Livingston{{ntsh|0.0}}Undisclosed16 June 2018 {{flagicon|SCO}} Michael O'Halloran {{flagicon|AUS}} Melbourne City{{ntsh|0.0}}Undisclosed11 July 2018 {{flagicon|POR}} Bruno Alves {{flagicon|ITA}} Parma{{ntsh|0.0}}Free18 July 2018 {{flagicon|ENG}} Harry Forrester {{flagicon|IRN}} Tractor Sazi{{ntsh|0.0}}Free30 July 2018 {{flagicon|POR}} Fábio Cardoso {{flagicon|POR}} Santa Clara{{ntsh|0.0}}Free9 August 2018 {{flagicon|WAL}} Declan John {{flagicon|WAL}} Swansea City{{ntsh|0.0}}Undisclosed9 August 2018 {{flagicon|ENG}} Josh Windass {{flagicon|ENG}} Wigan Athletic{{ntsh|0.0}}£2,500,0005 February 2019 {{flagicon|MEX}} Carlos Peña {{flagicon|POL}} GKS Tychy{{ntsh|0.0}}Free{{col-end}}{{col-begin}}{{col-2}}Start dateEnd datePlayerFromFee7 June 201815 December 2018 {{flagicon|ENG}} Ovie Ejaria {{flagicon|ENG}} Liverpool{{ntsh|0.0}}Loan10 July 201815 December 2018 {{flagicon|NGA}} Umar Sadiq {{flagicon|ITA}} Roma{{ntsh|0.0}}Loan10 July 201830 June 2019 {{flagicon|MLI}} Lassana Coulibaly {{flagicon|FRA}} Angers SCO{{ntsh|0.0}}Loan22 July 201830 June 2019 {{flagicon|ENG}} Ryan Kent {{flagicon|ENG}} Liverpool{{ntsh|0.0}}Loan31 August 201830 June 2019 {{flagicon|ENG}} Joe Worrall {{flagicon|ENG}} Nottingham Forest{{ntsh|0.0}}Loan6 January 201930 June 2020 {{flagicon|ENG}} Jermain Defoe {{flagicon|ENG}} Bournemouth{{ntsh|0.0}}Loan6 January 201930 June 2019 {{flagicon|NIR}} Steven Davis {{flagicon|ENG}} Southampton{{ntsh|0.0}}Loan{{col-2}}Start dateEnd datePlayerToFee7 June 201831 December 2018 {{flagicon|MEX}} Carlos Peña {{flagicon|MEX}} Club Necaxa{{ntsh|0.0}}Loan13 June 201831 May 2019 {{flagicon|GHA}} Joe Dodoo {{flagicon|ENG}} Blackpool{{ntsh|0.0}}Loan18 June 201831 May 2019 {{flagicon|SCO}} Jason Holt {{flagicon|ENG}} Fleetwood Town{{ntsh|0.0}}Loan25 June 20186 January 2019 (Extended to 31 May 2019) {{flagicon|SCO}} Ryan Hardie {{flagicon|SCO}} Livingston{{ntsh|0.0}}Loan16 July 201831 December 2018 {{flagicon|MEX}} Eduardo Herrera {{flagicon|MEX}} Santos Laguna{{ntsh|0.0}}Loan1 August 20186 January 2019 {{flagicon|SCO}} Kieran Wright {{flagicon|SCO}} Raith Rovers{{ntsh|0.0}}Loan3 August 20187 January 2019 {{flagicon|SCO}} Aidan Wilson {{flagicon|SCO}} Forfar Athletic{{ntsh|0.0}}Loan8 August 201831 May 2019 {{flagicon|SCO}} Greg Docherty {{flagicon|ENG}} Shrewsbury Town{{ntsh|0.0}}Loan15 August 20181 January 2019 {{flagicon|SCO}} Jamie Barjonas {{flagicon|ENG}} Bury{{ntsh|0.0}}Loan20 August 201831 May 2019 {{flagicon|NIR}} Lee Hodson {{flagicon|SCO}} St Mirren{{ntsh|0.0}}Loan21 August 20188 January 2019 {{flagicon|MLT}} Myles Beerman {{flagicon|MLT}} Birkirkara{{ntsh|0.0}}Loan24 August 201831 May 2019 {{flagicon|SCO}} Liam Burt {{flagicon|SCO}} Alloa Athletic{{ntsh|0.0}}Loan30 August 20186 January 2019 (Extended to 31 May 2019) {{flagicon|ENG}} Jak Alnwick {{flagicon|ENG}} Scunthorpe United{{ntsh|0.0}}Loan31 August 20186 January 2019 (Extended to 31 May 2019) {{flagicon|SCO}} Zak Rudden {{flagicon|SCO}} Falkirk{{ntsh|0.0}}Loan15 September 20186 January 2019 (Extended to 31 May 2019) {{flagicon|SCO}} Kyle Bradley {{flagicon|SCO}} Annan Athletic{{ntsh|0.0}}Loan8 January 201931 May 2019 {{flagicon|MEX}} Eduardo Herrera {{flagicon|MEX}} Club Necaxa{{ntsh|0.0}}Loan23 January 201931 May 2019 {{flagicon|MLT}} Myles Beerman {{flagicon|MLT}} Gżira United{{ntsh|0.0}}Loan25 January 201931 May 2019 {{flagicon|SCO}} Robby McCrorie {{flagicon|SCO}} Greenock Morton{{ntsh|0.0}}Loan25 January 201931 May 2019 {{flagicon|SCO}} Andrew Dallas {{flagicon|SCO}} Greenock Morton{{ntsh|0.0}}Loan29 January 201931 May 2019 {{flagicon|SCO}} Jamie Barjonas {{flagicon|SCO}} Raith Rovers{{ntsh|0.0}}Loan31 January 201931 May 2019 {{flagicon|ENG}} Jordan Rossiter {{flagicon|ENG}} Bury{{ntsh|0.0}}Loan21 February 201931 May 2019 {{flagicon|SCO}} Jordan Houston {{flagicon|SCO}} Airdrieonians{{ntsh|0.0}}Loan4 April 20191 June 2019 {{flagicon|FIN}} Serge Atakayi {{flagicon|FIN}} SJK{{ntsh|0.0}}Loan{{col-end}}
List of Rangers F.C. seasons{{Reflist|group=""nb""}}{{reflist|group=note}}{{Reflist|30em}}{{Rangers F.C. seasons}}{{Rangers F.C.}}{{2018–19 in Scottish football}}{{DEFAULTSORT:2018-19 Rangers F.C. season}}Category:Rangers F.C. seasonsRangersRangers","Players transferred or loaned out during the season{{Efs player|no= 9|name=[[Umar Sadiq]]|pos=FW|nat=Nigeria|0+1|0|0|0|1+1|0|0+1|0}}||1||0{{Efs player|no=10|name=[[Ovie Ejaria]]|pos=MF|nat=ENG|11+3|1|0|0|3|0|9+2|1}}||3||0{{Efs player|no=11|name=[[Josh Windass]]|pos=MF|nat=ENG|1|0|0|0|0|0|2+2|0}}||2||0{{Efs player|no=18|name=[[Jordan Rossiter]]|pos=MF|nat=ENG|2+2|0|0|0|0+1|0|0|0}}||1||0{{Efs player|no=22|name=[[Greg Docherty]]|pos=MF|nat=SCO|0|0|0|0|0|0|0|0}}||0||0{{Efs player|no=25|name=[[Jak Alnwick]]|pos=GK|nat=ENG|0|0|0|0|0|0|0|0}}||0||0{{Efs player|no=26|name=[[Lee Hodson]]|pos=DF|nat=NIR|0|0|0|0|0|0|0|0}}||0||0{{Efs player|no=28|name=[[Robby McCrorie]]|pos=GK|nat=SCO|0|0|0|0|0|0|0|0}}||0||0{{Efs player|no=29|name=[[Zak Rudden]]|pos=FW|nat=SCO|0|0|0|0|0|0|0|0}}||0||0{{Efs player|no=30|name=[[Kyle Bradley (footballer)|Kyle Bradley]]|pos=DF|nat=SCO|0|0|0|0|0|0|0|0}}||0||0{{Efs player|no=33|name=[[Jamie Barjonas]]|pos=MF|nat=SCO|0|0|0|0|0|0|0|0}}||0||0{{Efs player|no=45|name=[[Serge Atakayi]]|pos=FW|nat=FIN|0+1|0|0|0|0|0|0|0}}||0||0{{Efs player|no=49|name=[[Jordan Houston (footballer)|Jordan Houston]]|pos=DF|nat=SCO|0|0|0+1|0|0|0|0|0}}||0||0{{Efs player|no=−|name=[[Myles Beerman]]|pos=DF|nat=MLT|0|0|0|0|0|0|0|0}}||0||0{{Efs player|no=−|name=[[Jason Holt]]|pos=MF|nat=SCO|0|0|0|0|0|0|0|0}}||0||0{{Efs player|no=−|name=[[Carlos Peña (Mexican footballer)|Carlos Peña]]|pos=MF|nat=MEX|0|0|0|0|0|0|0|0}}||0||0{{Efs player|no=−|name=[[Joe Dodoo]]|pos=FW|nat=GHA|0|0|0|0|0|0|0|0}}||0||0{{Efs player|no=−|name=[[Ryan Hardie]]|pos=FW|nat=SCO|0|0|0|0|0|0|0|0}}||0||0{{Efs player|no=−|name=[[Eduardo Herrera (footballer, born 1988)|Eduardo Herrera]]|pos=FW|nat=MEX|0|0|0|0|0|0|0|0}}||0||0{{fb si footer |u=19 May 2019|c=SCO |ss=2018 |s=|date=June 2018}}Appearances (starts and substitute appearances) and goals include those in Scottish Premiership, League Cup, Scottish Cup, and the UEFA Europa LeagueAs of 19 July 2018{{col-begin}}{{col-3}}{{col-end}}{{col-end}}As of 19 July 2018{{col-begin}}{{col-3}}NameRoleManager {{flagicon|ENG}} Steven GerrardAssistant Manager{{flagicon|SCO}} Gary McAllisterFirst Team Coach{{flagicon|ENG}} Michael Beale Technical Coach{{flagicon|ENG}} Tom CulshawGoalkeeping Coach{{flagicon|SCO}} Colin Stewart Head of Scouting{{flagicon|ENG}} Andy ScouldingClub Scouts{{flagicon|SCO}} John Brown
{{flagicon|SCO}} Billy McLaren
{{flagicon|ENG}} David SwanickScouting Coordinator{{flagicon|ENG}} Rob ClarksonDoctor{{flagicon|ENG}} Dr Mark WallerHead of Performance{{flagicon|ENG}} Jordan MilsomHead of Preparation{{flagicon|SCO}} Craig FlanniganHead of Strength and Conditioning{{flagicon|GRE}} Paraskevas PolychronopoulosPhysiotherapist{{flagicon|ENG}} Steve WalkerMasseur{{flagicon|SCO}} David LaveryKit Executive{{flagicon|SCO}} Jimmy BellNameRoleHonorary Life President{{flagicon|SCO}} John GreigDirector of Football{{flagicon|WAL}} Mark AllenHead of Academy{{flagicon|SCO}} Craig MulhollandClub Ambassadors{{flagicon|SCO}} Richard Gough
{{flagicon|ENG}} Mark Hateley
{{flagicon|SCO}} Derek JohnstoneSupporters Liaison Officer{{flagicon|SCO}} Greg Marshall{{col-end}}As of 21 August 2018{{col-begin}}{{col-3}}NameRoleChairman{{flagicon|SCO}} Dave KingDeputy Chairman{{flagicon|SCO}} Douglas ParkCompany Secretary{{flagicon|SCO}} James BlairNon-Executive Director{{flagicon|SCO}} John BennettNon-Executive Director{{flagicon|SCO}} Alastair JohnstonNon-Executive Director{{flagicon|SCO}} Graeme ParkNon-Executive Director{{flagicon|SCO}} Barry ScottNon-Executive Director{{flagicon|DEN}} Julian Wolhardt{{col-end}}As of 19 July 2018{{col-begin}}{{col-3}}NameRoleManaging Director{{flagicon|SCO}} Stewart RobertsonCompany Secretary{{flagicon|SCO}} James BlairDirector of Finance and Administration{{flagicon|SCO}} Andrew Dickson{{col-end}}{{fb overview2|c=4|c1=[[2018–19 UEFA Europa League|Europa League]] |fm1=12 July 2018 |lm1= 13 December 2018 |sr1=[[2018–19 UEFA Europa League#First qualifying round|1st Round]] |fp1=[[2018–19_UEFA_Europa_League_group_stage#Group_G|Group Stage]]|w1=5 |d1=7 |l1=2 |f1=17 |a1=11|c2=[[2018–19 Scottish Premiership|Premiership]] |fm2=5 August 2018 |lm2=19 May 2019 |sr2=Matchday 1 |fp2=2nd|w2=23 |d2=9 |l2=6 |f2=82 |a2=27|c3=[[2018–19 Scottish League Cup|League Cup]] |fm3=19 August 2018 |lm3=28 October 2018 |sr3=[[2018–19_Scottish_League_Cup#Second_round|2nd Round]] |fp3=[[2018–19_Scottish_League_Cup#Semi-finals|Semi-Final]]|w3=2 |d3=0 |l3=1 |f3=7 |a3=2|c4=[[2018–19 Scottish Cup|Scottish Cup]] |fm4= 31 January 2019 |lm4= 12 March 2019 |sr4=[[2018–19_Scottish_Cup#Fourth_round|4th Round]] |fp4=[[2018–19_Scottish_Cup#Quarter-finals|Quarter-Final]]|w4=2 |d4=2 |l4=1 |f4=9 |a4=4}}{{2018–19 Scottish Premiership table|showteam=RAN}}Last updated 19 May 2019NameFromToPWDLWin%{{refn|group=note|name=percentage|Win% is the percentage of matches won [[Rounding|rounded]] to two [[decimal]] places.}}{{sortname|Steven|Gerrard}}{{dts|format=dmy|2018|06|01}}Present{{WDL|60|32|18|10}}{{col-begin}}{{col-2}}DatePlayerFromFee14 May 2018 {{flagicon|CAN}} Scott Arfield {{flagicon|ENG}} Burnley{{ntsh|0.0}}Free16 May 2018 {{flagicon|SCO}} Allan McGregor {{flagicon|ENG}} Hull City{{ntsh|0.0}}Free18 May 2018 {{flagicon|SCO}} Jamie Murphy {{flagicon|ENG}} Brighton & Hove Albion{{ntsh|0.0}}Undisclosed12 June 2018 {{flagicon|CRO}} Nikola Katić {{flagicon|CRO}} NK Slaven Belupo{{ntsh|0.0}}Undisclosed13 June 2018 {{flagicon|ENG}} Connor Goldson {{flagicon|ENG}} Brighton & Hove Albion{{ntsh|0.0}}Undisclosed21 June 2018 {{flagicon|ENG}} Jon Flanagan {{flagicon|ENG}} Liverpool{{ntsh|0.0}}Free7 August 2018 {{flagicon|CRO}} Borna Barišić {{flagicon|CRO}} NK Osijek{{ntsh|0.0}}£2,200,00022 August 2018 {{flagicon|NIR}} Kyle Lafferty {{flagicon|SCO}} Heart of Midlothian{{ntsh|0.0}}Undisclosed31 August 2018 {{flagicon|ALB}} Eros Grezda {{flagicon|CRO}} NK Osijek{{ntsh|0.0}}Undisclosed3 September 2018 {{flagicon|NIR}} Gareth McAuley {{flagicon|ENG}} West Bromwich Albion{{ntsh|0.0}}Free25 January 2019 {{flagicon|ENG}} Andy Firth {{flagicon|ENG}} Barrow{{ntsh|0.0}}Undisclosed30 January 2019 {{flagicon|USA}} Matt Polster {{flagicon|USA}} Chicago Fire{{ntsh|0.0}}Free31 January 2019 {{flagicon|Finland}} Glen Kamara {{flagicon|SCO}} Dundee{{ntsh|0.0}}Undisclosed{{col-2}}DatePlayerToFee1 June 2018 {{flagicon|SCO}} Kenny Miller {{flagicon|SCO}} Livingston{{ntsh|0.0}}Free1 June 2018 {{flagicon|SCO}} David Bates {{flagicon|GER}} Hamburg{{ntsh|0.0}}Development Fee1 June 2018 {{flagicon|NIR}} Jordan Thompson {{flagicon|ENG}} Blackpool{{ntsh|0.0}}Free8 June 2018 {{flagicon|SCO}} Liam Kelly {{flagicon|SCO}} Livingston{{ntsh|0.0}}Undisclosed16 June 2018 {{flagicon|SCO}} Michael O'Halloran {{flagicon|AUS}} Melbourne City{{ntsh|0.0}}Undisclosed11 July 2018 {{flagicon|POR}} Bruno Alves {{flagicon|ITA}} Parma{{ntsh|0.0}}Free18 July 2018 {{flagicon|ENG}} Harry Forrester {{flagicon|IRN}} Tractor Sazi{{ntsh|0.0}}Free30 July 2018 {{flagicon|POR}} Fábio Cardoso {{flagicon|POR}} Santa Clara{{ntsh|0.0}}Free9 August 2018 {{flagicon|WAL}} Declan John {{flagicon|WAL}} Swansea City{{ntsh|0.0}}Undisclosed9 August 2018 {{flagicon|ENG}} Josh Windass {{flagicon|ENG}} Wigan Athletic{{ntsh|0.0}}£2,500,0005 February 2019 {{flagicon|MEX}} Carlos Peña {{flagicon|POL}} GKS Tychy{{ntsh|0.0}}Free{{col-end}}{{col-begin}}{{col-2}}Start dateEnd datePlayerFromFee7 June 201815 December 2018 {{flagicon|ENG}} Ovie Ejaria {{flagicon|ENG}} Liverpool{{ntsh|0.0}}Loan10 July 201815 December 2018 {{flagicon|NGA}} Umar Sadiq {{flagicon|ITA}} Roma{{ntsh|0.0}}Loan10 July 201830 June 2019 {{flagicon|MLI}} Lassana Coulibaly {{flagicon|FRA}} Angers SCO{{ntsh|0.0}}Loan22 July 201830 June 2019 {{flagicon|ENG}} Ryan Kent {{flagicon|ENG}} Liverpool{{ntsh|0.0}}Loan31 August 201830 June 2019 {{flagicon|ENG}} Joe Worrall {{flagicon|ENG}} Nottingham Forest{{ntsh|0.0}}Loan6 January 201930 June 2020 {{flagicon|ENG}} Jermain Defoe {{flagicon|ENG}} Bournemouth{{ntsh|0.0}}Loan6 January 201930 June 2019 {{flagicon|NIR}} Steven Davis {{flagicon|ENG}} Southampton{{ntsh|0.0}}Loan{{col-2}}Start dateEnd datePlayerToFee7 June 201831 December 2018 {{flagicon|MEX}} Carlos Peña {{flagicon|MEX}} Club Necaxa{{ntsh|0.0}}Loan13 June 201831 May 2019 {{flagicon|GHA}} Joe Dodoo {{flagicon|ENG}} Blackpool{{ntsh|0.0}}Loan18 June 201831 May 2019 {{flagicon|SCO}} Jason Holt {{flagicon|ENG}} Fleetwood Town{{ntsh|0.0}}Loan25 June 20186 January 2019 (Extended to 31 May 2019) {{flagicon|SCO}} Ryan Hardie {{flagicon|SCO}} Livingston{{ntsh|0.0}}Loan16 July 201831 December 2018 {{flagicon|MEX}} Eduardo Herrera {{flagicon|MEX}} Santos Laguna{{ntsh|0.0}}Loan1 August 20186 January 2019 {{flagicon|SCO}} Kieran Wright {{flagicon|SCO}} Raith Rovers{{ntsh|0.0}}Loan3 August 20187 January 2019 {{flagicon|SCO}} Aidan Wilson {{flagicon|SCO}} Forfar Athletic{{ntsh|0.0}}Loan8 August 201831 May 2019 {{flagicon|SCO}} Greg Docherty {{flagicon|ENG}} Shrewsbury Town{{ntsh|0.0}}Loan15 August 20181 January 2019 {{flagicon|SCO}} Jamie Barjonas {{flagicon|ENG}} Bury{{ntsh|0.0}}Loan20 August 201831 May 2019 {{flagicon|NIR}} Lee Hodson {{flagicon|SCO}} St Mirren{{ntsh|0.0}}Loan21 August 20188 January 2019 {{flagicon|MLT}} Myles Beerman {{flagicon|MLT}} Birkirkara{{ntsh|0.0}}Loan24 August 201831 May 2019 {{flagicon|SCO}} Liam Burt {{flagicon|SCO}} Alloa Athletic{{ntsh|0.0}}Loan30 August 20186 January 2019 (Extended to 31 May 2019) {{flagicon|ENG}} Jak Alnwick {{flagicon|ENG}} Scunthorpe United{{ntsh|0.0}}Loan31 August 20186 January 2019 (Extended to 31 May 2019) {{flagicon|SCO}} Zak Rudden {{flagicon|SCO}} Falkirk{{ntsh|0.0}}Loan15 September 20186 January 2019 (Extended to 31 May 2019) {{flagicon|SCO}} Kyle Bradley {{flagicon|SCO}} Annan Athletic{{ntsh|0.0}}Loan8 January 201931 May 2019 {{flagicon|MEX}} Eduardo Herrera {{flagicon|MEX}} Club Necaxa{{ntsh|0.0}}Loan23 January 201931 May 2019 {{flagicon|MLT}} Myles Beerman {{flagicon|MLT}} Gżira United{{ntsh|0.0}}Loan25 January 201931 May 2019 {{flagicon|SCO}} Robby McCrorie {{flagicon|SCO}} Greenock Morton{{ntsh|0.0}}Loan25 January 201931 May 2019 {{flagicon|SCO}} Andrew Dallas {{flagicon|SCO}} Greenock Morton{{ntsh|0.0}}Loan29 January 201931 May 2019 {{flagicon|SCO}} Jamie Barjonas {{flagicon|SCO}} Raith Rovers{{ntsh|0.0}}Loan31 January 201931 May 2019 {{flagicon|ENG}} Jordan Rossiter {{flagicon|ENG}} Bury{{ntsh|0.0}}Loan21 February 201931 May 2019 {{flagicon|SCO}} Jordan Houston {{flagicon|SCO}} Airdrieonians{{ntsh|0.0}}Loan4 April 20191 June 2019 {{flagicon|FIN}} Serge Atakayi {{flagicon|FIN}} SJK{{ntsh|0.0}}Loan{{col-end}}
List of Rangers F.C. seasons{{Reflist|group=""nb""}}{{reflist|group=note}}{{Reflist|30em}}{{Rangers F.C. seasons}}{{Rangers F.C.}}{{2018–19 in Scottish football}}{{DEFAULTSORT:2018-19 Rangers F.C. season}}Category:Rangers F.C. seasonsRangersRangers","Players transferred or loaned out during the season{{Efs player|no= 9|name=[[Umar Sadiq]]|pos=FW|nat=Nigeria|0+1|0|0|0|1+1|0|0+1|0}}||1||0{{Efs player|no=10|name=[[Ovie Ejaria]]|pos=MF|nat=ENG|11+3|1|0|0|3|0|9+2|1}}||3||0{{Efs player|no=11|name=[[Josh Windass]]|pos=MF|nat=ENG|1|0|0|0|0|0|2+2|0}}||2||0{{Efs player|no=18|name=[[Jordan Rossiter]]|pos=MF|nat=ENG|2+2|0|0|0|0+1|0|0|0}}||1||0{{Efs player|no=22|name=[[Greg Docherty]]|pos=MF|nat=SCO|0|0|0|0|0|0|0|0}}||0||0{{Efs player|no=25|name=[[Jak Alnwick]]|pos=GK|nat=ENG|0|0|0|0|0|0|0|0}}||0||0{{Efs player|no=26|name=[[Lee Hodson]]|pos=DF|nat=NIR|0|0|0|0|0|0|0|0}}||0||0{{Efs player|no=28|name=[[Robby McCrorie]]|pos=GK|nat=SCO|0|0|0|0|0|0|0|0}}||0||0{{Efs player|no=29|name=[[Zak Rudden]]|pos=FW|nat=SCO|0|0|0|0|0|0|0|0}}||0||0{{Efs player|no=30|name=[[Kyle Bradley (footballer)|Kyle Bradley]]|pos=DF|nat=SCO|0|0|0|0|0|0|0|0}}||0||0{{Efs player|no=33|name=[[Jamie Barjonas]]|pos=MF|nat=SCO|0|0|0|0|0|0|0|0}}||0||0{{Efs player|no=45|name=[[Serge Atakayi]]|pos=FW|nat=FIN|0+1|0|0|0|0|0|0|0}}||0||0{{Efs player|no=49|name=[[Jordan Houston (footballer)|Jordan Houston]]|pos=DF|nat=SCO|0|0|0+1|0|0|0|0|0}}||0||0{{Efs player|no=−|name=[[Myles Beerman]]|pos=DF|nat=MLT|0|0|0|0|0|0|0|0}}||0||0{{Efs player|no=−|name=[[Jason Holt]]|pos=MF|nat=SCO|0|0|0|0|0|0|0|0}}||0||0{{Efs player|no=−|name=[[Carlos Peña (Mexican footballer)|Carlos Peña]]|pos=MF|nat=MEX|0|0|0|0|0|0|0|0}}||0||0{{Efs player|no=−|name=[[Joe Dodoo]]|pos=FW|nat=GHA|0|0|0|0|0|0|0|0}}||0||0{{Efs player|no=−|name=[[Ryan Hardie]]|pos=FW|nat=SCO|0|0|0|0|0|0|0|0}}||0||0{{Efs player|no=−|name=[[Eduardo Herrera (footballer, born 1988)|Eduardo Herrera]]|pos=FW|nat=MEX|0|0|0|0|0|0|0|0}}||0||0{{fb si footer |u=19 May 2019|c=SCO |ss=2018 |s=|date=June 2018}}Appearances (starts and substitute appearances) and goals include those in Scottish Premiership, League Cup, Scottish Cup, and the UEFA Europa LeagueAs of 19 July 2018{{col-begin}}{{col-3}}{{col-end}}{{col-end}}As of 19 July 2018{{col-begin}}{{col-3}}NameRoleManager {{flagicon|ENG}} Steven GerrardAssistant Manager{{flagicon|SCO}} Gary McAllisterFirst Team Coach{{flagicon|ENG}} Michael Beale Technical Coach{{flagicon|ENG}} Tom CulshawGoalkeeping Coach{{flagicon|SCO}} Colin Stewart Head of Scouting{{flagicon|ENG}} Andy ScouldingClub Scouts{{flagicon|SCO}} John Brown
{{flagicon|SCO}} Billy McLaren
{{flagicon|ENG}} David SwanickScouting Coordinator{{flagicon|ENG}} Rob ClarksonDoctor{{flagicon|ENG}} Dr Mark WallerHead of Performance{{flagicon|ENG}} Jordan MilsomHead of Preparation{{flagicon|SCO}} Craig FlanniganHead of Strength and Conditioning{{flagicon|GRE}} Paraskevas PolychronopoulosPhysiotherapist{{flagicon|ENG}} Steve WalkerMasseur{{flagicon|SCO}} David LaveryKit Executive{{flagicon|SCO}} Jimmy BellNameRoleHonorary Life President{{flagicon|SCO}} John GreigDirector of Football{{flagicon|WAL}} Mark AllenHead of Academy{{flagicon|SCO}} Craig MulhollandClub Ambassadors{{flagicon|SCO}} Richard Gough
{{flagicon|ENG}} Mark Hateley
{{flagicon|SCO}} Derek JohnstoneSupporters Liaison Officer{{flagicon|SCO}} Greg Marshall{{col-end}}As of 21 August 2018{{col-begin}}{{col-3}}NameRoleChairman{{flagicon|SCO}} Dave KingDeputy Chairman{{flagicon|SCO}} Douglas ParkCompany Secretary{{flagicon|SCO}} James BlairNon-Executive Director{{flagicon|SCO}} John BennettNon-Executive Director{{flagicon|SCO}} Alastair JohnstonNon-Executive Director{{flagicon|SCO}} Graeme ParkNon-Executive Director{{flagicon|SCO}} Barry ScottNon-Executive Director{{flagicon|DEN}} Julian Wolhardt{{col-end}}As of 19 July 2018{{col-begin}}{{col-3}}NameRoleManaging Director{{flagicon|SCO}} Stewart RobertsonCompany Secretary{{flagicon|SCO}} James BlairDirector of Finance and Administration{{flagicon|SCO}} Andrew Dickson{{col-end}}{{fb overview2|c=4|c1=[[2018–19 UEFA Europa League|Europa League]] |fm1=12 July 2018 |lm1= 13 December 2018 |sr1=[[2018–19 UEFA Europa League#First qualifying round|1st Round]] |fp1=[[2018–19_UEFA_Europa_League_group_stage#Group_G|Group Stage]]|w1=5 |d1=7 |l1=2 |f1=17 |a1=11|c2=[[2018–19 Scottish Premiership|Premiership]] |fm2=5 August 2018 |lm2=19 May 2019 |sr2=Matchday 1 |fp2=2nd|w2=23 |d2=9 |l2=6 |f2=82 |a2=27|c3=[[2018–19 Scottish League Cup|League Cup]] |fm3=19 August 2018 |lm3=28 October 2018 |sr3=[[2018–19_Scottish_League_Cup#Second_round|2nd Round]] |fp3=[[2018–19_Scottish_League_Cup#Semi-finals|Semi-Final]]|w3=2 |d3=0 |l3=1 |f3=7 |a3=2|c4=[[2018–19 Scottish Cup|Scottish Cup]] |fm4= 31 January 2019 |lm4= 12 March 2019 |sr4=[[2018–19_Scottish_Cup#Fourth_round|4th Round]] |fp4=[[2018–19_Scottish_Cup#Quarter-finals|Quarter-Final]]|w4=2 |d4=2 |l4=1 |f4=9 |a4=4}}{{2018–19 Scottish Premiership table|showteam=RAN}}Last updated 19 May 2019NameFromToPWDLWin%{{refn|group=note|name=percentage|Win% is the percentage of matches won [[Rounding|rounded]] to two [[decimal]] places.}}{{sortname|Steven|Gerrard}}{{dts|format=dmy|2018|06|01}}Present{{WDL|60|32|18|10}}{{col-begin}}{{col-2}}DatePlayerFromFee14 May 2018 {{flagicon|CAN}} Scott Arfield {{flagicon|ENG}} Burnley{{ntsh|0.0}}Free16 May 2018 {{flagicon|SCO}} Allan McGregor {{flagicon|ENG}} Hull City{{ntsh|0.0}}Free18 May 2018 {{flagicon|SCO}} Jamie Murphy {{flagicon|ENG}} Brighton & Hove Albion{{ntsh|0.0}}Undisclosed12 June 2018 {{flagicon|CRO}} Nikola Katić {{flagicon|CRO}} NK Slaven Belupo{{ntsh|0.0}}Undisclosed13 June 2018 {{flagicon|ENG}} Connor Goldson {{flagicon|ENG}} Brighton & Hove Albion{{ntsh|0.0}}Undisclosed21 June 2018 {{flagicon|ENG}} Jon Flanagan {{flagicon|ENG}} Liverpool{{ntsh|0.0}}Free7 August 2018 {{flagicon|CRO}} Borna Barišić {{flagicon|CRO}} NK Osijek{{ntsh|0.0}}£2,200,00022 August 2018 {{flagicon|NIR}} Kyle Lafferty {{flagicon|SCO}} Heart of Midlothian{{ntsh|0.0}}Undisclosed31 August 2018 {{flagicon|ALB}} Eros Grezda {{flagicon|CRO}} NK Osijek{{ntsh|0.0}}Undisclosed3 September 2018 {{flagicon|NIR}} Gareth McAuley {{flagicon|ENG}} West Bromwich Albion{{ntsh|0.0}}Free25 January 2019 {{flagicon|ENG}} Andy Firth {{flagicon|ENG}} Barrow{{ntsh|0.0}}Undisclosed30 January 2019 {{flagicon|USA}} Matt Polster {{flagicon|USA}} Chicago Fire{{ntsh|0.0}}Free31 January 2019 {{flagicon|Finland}} Glen Kamara {{flagicon|SCO}} Dundee{{ntsh|0.0}}Undisclosed{{col-2}}DatePlayerToFee1 June 2018 {{flagicon|SCO}} Kenny Miller {{flagicon|SCO}} Livingston{{ntsh|0.0}}Free1 June 2018 {{flagicon|SCO}} David Bates {{flagicon|GER}} Hamburg{{ntsh|0.0}}Development Fee1 June 2018 {{flagicon|NIR}} Jordan Thompson {{flagicon|ENG}} Blackpool{{ntsh|0.0}}Free8 June 2018 {{flagicon|SCO}} Liam Kelly {{flagicon|SCO}} Livingston{{ntsh|0.0}}Undisclosed16 June 2018 {{flagicon|SCO}} Michael O'Halloran {{flagicon|AUS}} Melbourne City{{ntsh|0.0}}Undisclosed11 July 2018 {{flagicon|POR}} Bruno Alves {{flagicon|ITA}} Parma{{ntsh|0.0}}Free18 July 2018 {{flagicon|ENG}} Harry Forrester {{flagicon|IRN}} Tractor Sazi{{ntsh|0.0}}Free30 July 2018 {{flagicon|POR}} Fábio Cardoso {{flagicon|POR}} Santa Clara{{ntsh|0.0}}Free9 August 2018 {{flagicon|WAL}} Declan John {{flagicon|WAL}} Swansea City{{ntsh|0.0}}Undisclosed9 August 2018 {{flagicon|ENG}} Josh Windass {{flagicon|ENG}} Wigan Athletic{{ntsh|0.0}}£2,500,0005 February 2019 {{flagicon|MEX}} Carlos Peña {{flagicon|POL}} GKS Tychy{{ntsh|0.0}}Free{{col-end}}{{col-begin}}{{col-2}}Start dateEnd datePlayerFromFee7 June 201815 December 2018 {{flagicon|ENG}} Ovie Ejaria {{flagicon|ENG}} Liverpool{{ntsh|0.0}}Loan10 July 201815 December 2018 {{flagicon|NGA}} Umar Sadiq {{flagicon|ITA}} Roma{{ntsh|0.0}}Loan10 July 201830 June 2019 {{flagicon|MLI}} Lassana Coulibaly {{flagicon|FRA}} Angers SCO{{ntsh|0.0}}Loan22 July 201830 June 2019 {{flagicon|ENG}} Ryan Kent {{flagicon|ENG}} Liverpool{{ntsh|0.0}}Loan31 August 201830 June 2019 {{flagicon|ENG}} Joe Worrall {{flagicon|ENG}} Nottingham Forest{{ntsh|0.0}}Loan6 January 201930 June 2020 {{flagicon|ENG}} Jermain Defoe {{flagicon|ENG}} Bournemouth{{ntsh|0.0}}Loan6 January 201930 June 2019 {{flagicon|NIR}} Steven Davis {{flagicon|ENG}} Southampton{{ntsh|0.0}}Loan{{col-2}}Start dateEnd datePlayerToFee7 June 201831 December 2018 {{flagicon|MEX}} Carlos Peña {{flagicon|MEX}} Club Necaxa{{ntsh|0.0}}Loan13 June 201831 May 2019 {{flagicon|GHA}} Joe Dodoo {{flagicon|ENG}} Blackpool{{ntsh|0.0}}Loan18 June 201831 May 2019 {{flagicon|SCO}} Jason Holt {{flagicon|ENG}} Fleetwood Town{{ntsh|0.0}}Loan25 June 20186 January 2019 (Extended to 31 May 2019) {{flagicon|SCO}} Ryan Hardie {{flagicon|SCO}} Livingston{{ntsh|0.0}}Loan16 July 201831 December 2018 {{flagicon|MEX}} Eduardo Herrera {{flagicon|MEX}} Santos Laguna{{ntsh|0.0}}Loan1 August 20186 January 2019 {{flagicon|SCO}} Kieran Wright {{flagicon|SCO}} Raith Rovers{{ntsh|0.0}}Loan3 August 20187 January 2019 {{flagicon|SCO}} Aidan Wilson {{flagicon|SCO}} Forfar Athletic{{ntsh|0.0}}Loan8 August 201831 May 2019 {{flagicon|SCO}} Greg Docherty {{flagicon|ENG}} Shrewsbury Town{{ntsh|0.0}}Loan15 August 20181 January 2019 {{flagicon|SCO}} Jamie Barjonas {{flagicon|ENG}} Bury{{ntsh|0.0}}Loan20 August 201831 May 2019 {{flagicon|NIR}} Lee Hodson {{flagicon|SCO}} St Mirren{{ntsh|0.0}}Loan21 August 20188 January 2019 {{flagicon|MLT}} Myles Beerman {{flagicon|MLT}} Birkirkara{{ntsh|0.0}}Loan24 August 201831 May 2019 {{flagicon|SCO}} Liam Burt {{flagicon|SCO}} Alloa Athletic{{ntsh|0.0}}Loan30 August 20186 January 2019 (Extended to 31 May 2019) {{flagicon|ENG}} Jak Alnwick {{flagicon|ENG}} Scunthorpe United{{ntsh|0.0}}Loan31 August 20186 January 2019 (Extended to 31 May 2019) {{flagicon|SCO}} Zak Rudden {{flagicon|SCO}} Falkirk{{ntsh|0.0}}Loan15 September 20186 January 2019 (Extended to 31 May 2019) {{flagicon|SCO}} Kyle Bradley {{flagicon|SCO}} Annan Athletic{{ntsh|0.0}}Loan8 January 201931 May 2019 {{flagicon|MEX}} Eduardo Herrera {{flagicon|MEX}} Club Necaxa{{ntsh|0.0}}Loan23 January 201931 May 2019 {{flagicon|MLT}} Myles Beerman {{flagicon|MLT}} Gżira United{{ntsh|0.0}}Loan25 January 201931 May 2019 {{flagicon|SCO}} Robby McCrorie {{flagicon|SCO}} Greenock Morton{{ntsh|0.0}}Loan25 January 201931 May 2019 {{flagicon|SCO}} Andrew Dallas {{flagicon|SCO}} Greenock Morton{{ntsh|0.0}}Loan29 January 201931 May 2019 {{flagicon|SCO}} Jamie Barjonas {{flagicon|SCO}} Raith Rovers{{ntsh|0.0}}Loan31 January 201931 May 2019 {{flagicon|ENG}} Jordan Rossiter {{flagicon|ENG}} Bury{{ntsh|0.0}}Loan21 February 201931 May 2019 {{flagicon|SCO}} Jordan Houston {{flagicon|SCO}} Airdrieonians{{ntsh|0.0}}Loan4 April 20191 June 2019 {{flagicon|FIN}} Serge Atakayi {{flagicon|FIN}} SJK{{ntsh|0.0}}Loan{{col-end}}
List of Rangers F.C. seasons{{Reflist|group=""nb""}}{{reflist|group=note}}{{Reflist|30em}}{{Rangers F.C. seasons}}{{Rangers F.C.}}{{2018–19 in Scottish football}}{{DEFAULTSORT:2018-19 Rangers F.C. season}}Category:Rangers F.C. seasonsRangersRangers","Players transferred or loaned out during the season{{Efs player|no= 9|name=[[Umar Sadiq]]|pos=FW|nat=Nigeria|0+1|0|0|0|1+1|0|0+1|0}}||1||0{{Efs player|no=10|name=[[Ovie Ejaria]]|pos=MF|nat=ENG|11+3|1|0|0|3|0|9+2|1}}||3||0{{Efs player|no=11|name=[[Josh Windass]]|pos=MF|nat=ENG|1|0|0|0|0|0|2+2|0}}||2||0{{Efs player|no=18|name=[[Jordan Rossiter]]|pos=MF|nat=ENG|2+2|0|0|0|0+1|0|0|0}}||1||0{{Efs player|no=22|name=[[Greg Docherty]]|pos=MF|nat=SCO|0|0|0|0|0|0|0|0}}||0||0{{Efs player|no=25|name=[[Jak Alnwick]]|pos=GK|nat=ENG|0|0|0|0|0|0|0|0}}||0||0{{Efs player|no=26|name=[[Lee Hodson]]|pos=DF|nat=NIR|0|0|0|0|0|0|0|0}}||0||0{{Efs player|no=28|name=[[Robby McCrorie]]|pos=GK|nat=SCO|0|0|0|0|0|0|0|0}}||0||0{{Efs player|no=29|name=[[Zak Rudden]]|pos=FW|nat=SCO|0|0|0|0|0|0|0|0}}||0||0{{Efs player|no=30|name=[[Kyle Bradley (footballer)|Kyle Bradley]]|pos=DF|nat=SCO|0|0|0|0|0|0|0|0}}||0||0{{Efs player|no=33|name=[[Jamie Barjonas]]|pos=MF|nat=SCO|0|0|0|0|0|0|0|0}}||0||0{{Efs player|no=45|name=[[Serge Atakayi]]|pos=FW|nat=FIN|0+1|0|0|0|0|0|0|0}}||0||0{{Efs player|no=49|name=[[Jordan Houston (footballer)|Jordan Houston]]|pos=DF|nat=SCO|0|0|0+1|0|0|0|0|0}}||0||0{{Efs player|no=−|name=[[Myles Beerman]]|pos=DF|nat=MLT|0|0|0|0|0|0|0|0}}||0||0{{Efs player|no=−|name=[[Jason Holt]]|pos=MF|nat=SCO|0|0|0|0|0|0|0|0}}||0||0{{Efs player|no=−|name=[[Carlos Peña (Mexican footballer)|Carlos Peña]]|pos=MF|nat=MEX|0|0|0|0|0|0|0|0}}||0||0{{Efs player|no=−|name=[[Joe Dodoo]]|pos=FW|nat=GHA|0|0|0|0|0|0|0|0}}||0||0{{Efs player|no=−|name=[[Ryan Hardie]]|pos=FW|nat=SCO|0|0|0|0|0|0|0|0}}||0||0{{Efs player|no=−|name=[[Eduardo Herrera (footballer, born 1988)|Eduardo Herrera]]|pos=FW|nat=MEX|0|0|0|0|0|0|0|0}}||0||0{{fb si footer |u=19 May 2019|c=SCO |ss=2018 |s=|date=June 2018}}Appearances (starts and substitute appearances) and goals include those in Scottish Premiership, League Cup, Scottish Cup, and the UEFA Europa LeagueAs of 19 July 2018{{col-begin}}{{col-3}}{{col-end}}{{col-end}}As of 19 July 2018{{col-begin}}{{col-3}}NameRoleManager {{flagicon|ENG}} Steven GerrardAssistant Manager{{flagicon|SCO}} Gary McAllisterFirst Team Coach{{flagicon|ENG}} Michael Beale Technical Coach{{flagicon|ENG}} Tom CulshawGoalkeeping Coach{{flagicon|SCO}} Colin Stewart Head of Scouting{{flagicon|ENG}} Andy ScouldingClub Scouts{{flagicon|SCO}} John Brown
{{flagicon|SCO}} Billy McLaren
{{flagicon|ENG}} David SwanickScouting Coordinator{{flagicon|ENG}} Rob ClarksonDoctor{{flagicon|ENG}} Dr Mark WallerHead of Performance{{flagicon|ENG}} Jordan MilsomHead of Preparation{{flagicon|SCO}} Craig FlanniganHead of Strength and Conditioning{{flagicon|GRE}} Paraskevas PolychronopoulosPhysiotherapist{{flagicon|ENG}} Steve WalkerMasseur{{flagicon|SCO}} David LaveryKit Executive{{flagicon|SCO}} Jimmy BellNameRoleHonorary Life President{{flagicon|SCO}} John GreigDirector of Football{{flagicon|WAL}} Mark AllenHead of Academy{{flagicon|SCO}} Craig MulhollandClub Ambassadors{{flagicon|SCO}} Richard Gough
{{flagicon|ENG}} Mark Hateley
{{flagicon|SCO}} Derek JohnstoneSupporters Liaison Officer{{flagicon|SCO}} Greg Marshall{{col-end}}As of 21 August 2018{{col-begin}}{{col-3}}NameRoleChairman{{flagicon|SCO}} Dave KingDeputy Chairman{{flagicon|SCO}} Douglas ParkCompany Secretary{{flagicon|SCO}} James BlairNon-Executive Director{{flagicon|SCO}} John BennettNon-Executive Director{{flagicon|SCO}} Alastair JohnstonNon-Executive Director{{flagicon|SCO}} Graeme ParkNon-Executive Director{{flagicon|SCO}} Barry ScottNon-Executive Director{{flagicon|DEN}} Julian Wolhardt{{col-end}}As of 19 July 2018{{col-begin}}{{col-3}}NameRoleManaging Director{{flagicon|SCO}} Stewart RobertsonCompany Secretary{{flagicon|SCO}} James BlairDirector of Finance and Administration{{flagicon|SCO}} Andrew Dickson{{col-end}}{{fb overview2|c=4|c1=[[2018–19 UEFA Europa League|Europa League]] |fm1=12 July 2018 |lm1= 13 December 2018 |sr1=[[2018–19 UEFA Europa League#First qualifying round|1st Round]] |fp1=[[2018–19_UEFA_Europa_League_group_stage#Group_G|Group Stage]]|w1=5 |d1=7 |l1=2 |f1=17 |a1=11|c2=[[2018–19 Scottish Premiership|Premiership]] |fm2=5 August 2018 |lm2=19 May 2019 |sr2=Matchday 1 |fp2=2nd|w2=23 |d2=9 |l2=6 |f2=82 |a2=27|c3=[[2018–19 Scottish League Cup|League Cup]] |fm3=19 August 2018 |lm3=28 October 2018 |sr3=[[2018–19_Scottish_League_Cup#Second_round|2nd Round]] |fp3=[[2018–19_Scottish_League_Cup#Semi-finals|Semi-Final]]|w3=2 |d3=0 |l3=1 |f3=7 |a3=2|c4=[[2018–19 Scottish Cup|Scottish Cup]] |fm4= 31 January 2019 |lm4= 12 March 2019 |sr4=[[2018–19_Scottish_Cup#Fourth_round|4th Round]] |fp4=[[2018–19_Scottish_Cup#Quarter-finals|Quarter-Final]]|w4=2 |d4=2 |l4=1 |f4=9 |a4=4}}{{2018–19 Scottish Premiership table|showteam=RAN}}Last updated 19 May 2019NameFromToPWDLWin%{{refn|group=note|name=percentage|Win% is the percentage of matches won [[Rounding|rounded]] to two [[decimal]] places.}}{{sortname|Steven|Gerrard}}{{dts|format=dmy|2018|06|01}}Present{{WDL|60|32|18|10}}{{col-begin}}{{col-2}}DatePlayerFromFee14 May 2018 {{flagicon|CAN}} Scott Arfield {{flagicon|ENG}} Burnley{{ntsh|0.0}}Free16 May 2018 {{flagicon|SCO}} Allan McGregor {{flagicon|ENG}} Hull City{{ntsh|0.0}}Free18 May 2018 {{flagicon|SCO}} Jamie Murphy {{flagicon|ENG}} Brighton & Hove Albion{{ntsh|0.0}}Undisclosed12 June 2018 {{flagicon|CRO}} Nikola Katić {{flagicon|CRO}} NK Slaven Belupo{{ntsh|0.0}}Undisclosed13 June 2018 {{flagicon|ENG}} Connor Goldson {{flagicon|ENG}} Brighton & Hove Albion{{ntsh|0.0}}Undisclosed21 June 2018 {{flagicon|ENG}} Jon Flanagan {{flagicon|ENG}} Liverpool{{ntsh|0.0}}Free7 August 2018 {{flagicon|CRO}} Borna Barišić {{flagicon|CRO}} NK Osijek{{ntsh|0.0}}£2,200,00022 August 2018 {{flagicon|NIR}} Kyle Lafferty {{flagicon|SCO}} Heart of Midlothian{{ntsh|0.0}}Undisclosed31 August 2018 {{flagicon|ALB}} Eros Grezda {{flagicon|CRO}} NK Osijek{{ntsh|0.0}}Undisclosed3 September 2018 {{flagicon|NIR}} Gareth McAuley {{flagicon|ENG}} West Bromwich Albion{{ntsh|0.0}}Free25 January 2019 {{flagicon|ENG}} Andy Firth {{flagicon|ENG}} Barrow{{ntsh|0.0}}Undisclosed30 January 2019 {{flagicon|USA}} Matt Polster {{flagicon|USA}} Chicago Fire{{ntsh|0.0}}Free31 January 2019 {{flagicon|Finland}} Glen Kamara {{flagicon|SCO}} Dundee{{ntsh|0.0}}Undisclosed{{col-2}}DatePlayerToFee1 June 2018 {{flagicon|SCO}} Kenny Miller {{flagicon|SCO}} Livingston{{ntsh|0.0}}Free1 June 2018 {{flagicon|SCO}} David Bates {{flagicon|GER}} Hamburg{{ntsh|0.0}}Development Fee1 June 2018 {{flagicon|NIR}} Jordan Thompson {{flagicon|ENG}} Blackpool{{ntsh|0.0}}Free8 June 2018 {{flagicon|SCO}} Liam Kelly {{flagicon|SCO}} Livingston{{ntsh|0.0}}Undisclosed16 June 2018 {{flagicon|SCO}} Michael O'Halloran {{flagicon|AUS}} Melbourne City{{ntsh|0.0}}Undisclosed11 July 2018 {{flagicon|POR}} Bruno Alves {{flagicon|ITA}} Parma{{ntsh|0.0}}Free18 July 2018 {{flagicon|ENG}} Harry Forrester {{flagicon|IRN}} Tractor Sazi{{ntsh|0.0}}Free30 July 2018 {{flagicon|POR}} Fábio Cardoso {{flagicon|POR}} Santa Clara{{ntsh|0.0}}Free9 August 2018 {{flagicon|WAL}} Declan John {{flagicon|WAL}} Swansea City{{ntsh|0.0}}Undisclosed9 August 2018 {{flagicon|ENG}} Josh Windass {{flagicon|ENG}} Wigan Athletic{{ntsh|0.0}}£2,500,0005 February 2019 {{flagicon|MEX}} Carlos Peña {{flagicon|POL}} GKS Tychy{{ntsh|0.0}}Free{{col-end}}{{col-begin}}{{col-2}}Start dateEnd datePlayerFromFee7 June 201815 December 2018 {{flagicon|ENG}} Ovie Ejaria {{flagicon|ENG}} Liverpool{{ntsh|0.0}}Loan10 July 201815 December 2018 {{flagicon|NGA}} Umar Sadiq {{flagicon|ITA}} Roma{{ntsh|0.0}}Loan10 July 201830 June 2019 {{flagicon|MLI}} Lassana Coulibaly {{flagicon|FRA}} Angers SCO{{ntsh|0.0}}Loan22 July 201830 June 2019 {{flagicon|ENG}} Ryan Kent {{flagicon|ENG}} Liverpool{{ntsh|0.0}}Loan31 August 201830 June 2019 {{flagicon|ENG}} Joe Worrall {{flagicon|ENG}} Nottingham Forest{{ntsh|0.0}}Loan6 January 201930 June 2020 {{flagicon|ENG}} Jermain Defoe {{flagicon|ENG}} Bournemouth{{ntsh|0.0}}Loan6 January 201930 June 2019 {{flagicon|NIR}} Steven Davis {{flagicon|ENG}} Southampton{{ntsh|0.0}}Loan{{col-2}}Start dateEnd datePlayerToFee7 June 201831 December 2018 {{flagicon|MEX}} Carlos Peña {{flagicon|MEX}} Club Necaxa{{ntsh|0.0}}Loan13 June 201831 May 2019 {{flagicon|GHA}} Joe Dodoo {{flagicon|ENG}} Blackpool{{ntsh|0.0}}Loan18 June 201831 May 2019 {{flagicon|SCO}} Jason Holt {{flagicon|ENG}} Fleetwood Town{{ntsh|0.0}}Loan25 June 20186 January 2019 (Extended to 31 May 2019) {{flagicon|SCO}} Ryan Hardie {{flagicon|SCO}} Livingston{{ntsh|0.0}}Loan16 July 201831 December 2018 {{flagicon|MEX}} Eduardo Herrera {{flagicon|MEX}} Santos Laguna{{ntsh|0.0}}Loan1 August 20186 January 2019 {{flagicon|SCO}} Kieran Wright {{flagicon|SCO}} Raith Rovers{{ntsh|0.0}}Loan3 August 20187 January 2019 {{flagicon|SCO}} Aidan Wilson {{flagicon|SCO}} Forfar Athletic{{ntsh|0.0}}Loan8 August 201831 May 2019 {{flagicon|SCO}} Greg Docherty {{flagicon|ENG}} Shrewsbury Town{{ntsh|0.0}}Loan15 August 20181 January 2019 {{flagicon|SCO}} Jamie Barjonas {{flagicon|ENG}} Bury{{ntsh|0.0}}Loan20 August 201831 May 2019 {{flagicon|NIR}} Lee Hodson {{flagicon|SCO}} St Mirren{{ntsh|0.0}}Loan21 August 20188 January 2019 {{flagicon|MLT}} Myles Beerman {{flagicon|MLT}} Birkirkara{{ntsh|0.0}}Loan24 August 201831 May 2019 {{flagicon|SCO}} Liam Burt {{flagicon|SCO}} Alloa Athletic{{ntsh|0.0}}Loan30 August 20186 January 2019 (Extended to 31 May 2019) {{flagicon|ENG}} Jak Alnwick {{flagicon|ENG}} Scunthorpe United{{ntsh|0.0}}Loan31 August 20186 January 2019 (Extended to 31 May 2019) {{flagicon|SCO}} Zak Rudden {{flagicon|SCO}} Falkirk{{ntsh|0.0}}Loan15 September 20186 January 2019 (Extended to 31 May 2019) {{flagicon|SCO}} Kyle Bradley {{flagicon|SCO}} Annan Athletic{{ntsh|0.0}}Loan8 January 201931 May 2019 {{flagicon|MEX}} Eduardo Herrera {{flagicon|MEX}} Club Necaxa{{ntsh|0.0}}Loan23 January 201931 May 2019 {{flagicon|MLT}} Myles Beerman {{flagicon|MLT}} Gżira United{{ntsh|0.0}}Loan25 January 201931 May 2019 {{flagicon|SCO}} Robby McCrorie {{flagicon|SCO}} Greenock Morton{{ntsh|0.0}}Loan25 January 201931 May 2019 {{flagicon|SCO}} Andrew Dallas {{flagicon|SCO}} Greenock Morton{{ntsh|0.0}}Loan29 January 201931 May 2019 {{flagicon|SCO}} Jamie Barjonas {{flagicon|SCO}} Raith Rovers{{ntsh|0.0}}Loan31 January 201931 May 2019 {{flagicon|ENG}} Jordan Rossiter {{flagicon|ENG}} Bury{{ntsh|0.0}}Loan21 February 201931 May 2019 {{flagicon|SCO}} Jordan Houston {{flagicon|SCO}} Airdrieonians{{ntsh|0.0}}Loan4 April 20191 June 2019 {{flagicon|FIN}} Serge Atakayi {{flagicon|FIN}} SJK{{ntsh|0.0}}Loan{{col-end}}
List of Rangers F.C. seasons{{Reflist|group=""nb""}}{{reflist|group=note}}{{Reflist|30em}}{{Rangers F.C. seasons}}{{Rangers F.C.}}{{2018–19 in Scottish football}}{{DEFAULTSORT:2018-19 Rangers F.C. season}}Category:Rangers F.C. seasonsRangersRangers"
